data,valor
2006-07-03,2.1685
2006-07-04,2.17
2006-07-05,2.208
2006-07-06,2.177
2006-07-07,2.182
2006-07-10,2.1789
2006-07-11,2.183
2006-07-12,2.2025
2006-07-13,2.2244
2006-07-14,2.212
2006-07-17,2.2012
2006-07-18,2.1912
2006-07-19,2.1839
2006-07-20,2.1919
2006-07-21,2.199
2006-07-24,2.1909
2006-07-25,2.2016
2006-07-26,2.1957
2006-07-27,2.1921
2006-07-28,2.1754
2006-07-31,2.1775
2006-08-01,2.1905
2006-08-02,2.182
2006-08-03,2.1756
2006-08-04,2.182
2006-08-07,2.1851
2006-08-08,2.1714
2006-08-09,2.1663
2006-08-10,2.1565
2006-08-11,2.166
2006-08-14,2.1634
2006-08-15,2.1435
2006-08-16,2.1409
2006-08-17,2.1416
2006-08-18,2.1468
2006-08-21,2.1286
2006-08-22,2.1342
2006-08-23,2.1516
2006-08-24,2.1528
2006-08-25,2.156
2006-08-28,2.1404
2006-08-29,2.137
2006-08-30,2.1375
2006-08-31,2.144
2006-09-01,2.139
2006-09-04,2.123
2006-09-05,2.1386
2006-09-06,2.15
2006-09-07,2.1545
2006-09-08,2.158
2006-09-11,2.1828
2006-09-12,2.1684
2006-09-13,2.1597
2006-09-14,2.1599
2006-09-15,2.151
2006-09-18,2.146
2006-09-19,2.1603
2006-09-20,2.1759
2006-09-21,2.2118
2006-09-22,2.2075
2006-09-25,2.2208
2006-09-26,2.187
2006-09-27,2.1891
2006-09-28,2.1685
2006-09-29,2.169
2006-10-02,2.1572
2006-10-03,2.1758
2006-10-04,2.1639
2006-10-05,2.1638
2006-10-06,2.162
2006-10-09,2.1554
2006-10-10,2.155
2006-10-11,2.1595
2006-10-12,2.1581
2006-10-13,2.1371
2006-10-16,2.131
2006-10-17,2.1338
2006-10-18,2.1369
2006-10-19,2.146
2006-10-20,2.1399
2006-10-23,2.1381
2006-10-24,2.1544
2006-10-25,2.1415
2006-10-26,2.1402
2006-10-27,2.1356
2006-10-30,2.1475
2006-10-31,2.1423
2006-11-01,2.1432
2006-11-02,2.1443
2006-11-03,2.1401
2006-11-06,2.1322
2006-11-07,2.14
2006-11-08,2.1437
2006-11-09,2.1453
2006-11-10,2.1515
2006-11-13,2.1622
2006-11-14,2.1485
2006-11-15,2.1465
2006-11-16,2.1525
2006-11-17,2.1585
2006-11-20,2.1605
2006-11-21,2.1626
2006-11-22,2.1665
2006-11-23,2.1679
2006-11-24,2.1689
2006-11-27,2.2
2006-11-28,2.1814
2006-11-29,2.1655
2006-11-30,2.165
2006-12-01,2.1667
2006-12-04,2.1572
2006-12-05,2.1525
2006-12-06,2.1465
2006-12-07,2.1425
2006-12-08,2.1397
2006-12-11,2.1375
2006-12-12,2.151
2006-12-13,2.1461
2006-12-14,2.147
2006-12-15,2.1459
2006-12-18,2.1486
2006-12-19,2.1571
2006-12-20,2.1571
2006-12-21,2.158
2006-12-22,2.1475
2006-12-26,2.143
2006-12-27,2.145
2006-12-28,2.1357
2006-12-29,2.1355
2007-01-02,2.131
2007-01-03,2.139
2007-01-04,2.1439
2007-01-05,2.1512
2007-01-08,2.152
2007-01-09,2.15
2007-01-10,2.1497
2007-01-11,2.1479
2007-01-12,2.141
2007-01-15,2.142
2007-01-16,2.137
2007-01-17,2.1336
2007-01-18,2.1341
2007-01-19,2.13
2007-01-22,2.1347
2007-01-23,2.1319
2007-01-24,2.128
2007-01-25,2.133
2007-01-26,2.138
2007-01-29,2.135
2007-01-30,2.1304
2007-01-31,2.1241
2007-02-01,2.1008
2007-02-02,2.1043
2007-02-05,2.0946
2007-02-06,2.081
2007-02-07,2.0911
2007-02-08,2.0936
2007-02-09,2.1088
2007-02-12,2.1133
2007-02-13,2.1083
2007-02-14,2.0915
2007-02-15,2.0935
2007-02-16,2.092
2007-02-21,2.0773
2007-02-22,2.082
2007-02-23,2.088
2007-02-26,2.0805
2007-02-27,2.1355
2007-02-28,2.1175
2007-03-01,2.119
2007-03-02,2.1324
2007-03-05,2.134
2007-03-06,2.116
2007-03-07,2.112
2007-03-08,2.1061
2007-03-09,2.0989
2007-03-12,2.088
2007-03-13,2.112
2007-03-14,2.0905
2007-03-15,2.0889
2007-03-16,2.092
2007-03-19,2.0778
2007-03-20,2.0773
2007-03-21,2.0535
2007-03-22,2.0615
2007-03-23,2.062
2007-03-26,2.0625
2007-03-27,2.069
2007-03-28,2.068
2007-03-29,2.0395
2007-03-30,2.059
2007-04-02,2.0475
2007-04-03,2.0375
2007-04-04,2.0365
2007-04-05,2.0379
2007-04-06,2.0316
2007-04-09,2.024
2007-04-10,2.027
2007-04-11,2.0378
2007-04-12,2.0315
2007-04-13,2.021
2007-04-16,2.0325
2007-04-17,2.0373
2007-04-18,2.034
2007-04-19,2.029
2007-04-20,2.026
2007-04-23,2.0345
2007-04-24,2.0325
2007-04-25,2.02
2007-04-26,2.0345
2007-04-27,2.031
2007-04-30,2.035
2007-05-01,2.034
2007-05-02,2.018
2007-05-03,2.0263
2007-05-04,2.033
2007-05-07,2.019
2007-05-08,2.0219
2007-05-09,2.018
2007-05-10,2.022
2007-05-11,2.018
2007-05-14,2.0048
2007-05-15,1.976
2007-05-16,1.953
2007-05-17,1.9635
2007-05-18,1.958
2007-05-21,1.9405
2007-05-22,1.9525
2007-05-23,1.956
2007-05-24,1.962
2007-05-25,1.952
2007-05-28,1.942
2007-05-29,1.9525
2007-05-30,1.941
2007-05-31,1.9203
2007-06-01,1.9025
2007-06-04,1.9315
2007-06-05,1.946
2007-06-06,1.9509
2007-06-07,1.9675
2007-06-08,1.9594
2007-06-11,1.9483
2007-06-12,1.9685
2007-06-13,1.9435
2007-06-14,1.9213
2007-06-15,1.9121
2007-06-18,1.907
2007-06-19,1.9063
2007-06-20,1.934
2007-06-21,1.921
2007-06-22,1.9428
2007-06-25,1.9493
2007-06-26,1.9595
2007-06-27,1.9345
2007-06-28,1.924
2007-06-29,1.9291
2007-07-02,1.9138
2007-07-03,1.911
2007-07-04,1.9073
2007-07-05,1.9139
2007-07-06,1.9029
2007-07-09,1.897
2007-07-10,1.9023
2007-07-11,1.8895
2007-07-12,1.8683
2007-07-13,1.862
2007-07-16,1.8653
2007-07-17,1.86
2007-07-18,1.86
2007-07-19,1.8605
2007-07-20,1.8562
2007-07-23,1.8388
2007-07-24,1.866
2007-07-25,1.8588
2007-07-26,1.926
2007-07-27,1.894
2007-07-30,1.8761
2007-07-31,1.882
2007-08-01,1.892
2007-08-02,1.8725
2007-08-03,1.899
2007-08-06,1.8993
2007-08-07,1.904
2007-08-08,1.8858
2007-08-09,1.9266
2007-08-10,1.95
2007-08-13,1.9549
2007-08-14,1.9953
2007-08-15,2.0562
2007-08-16,2.0527
2007-08-17,2.025
2007-08-20,2.0377
2007-08-21,2.0482
2007-08-22,1.9934
2007-08-23,1.9864
2007-08-24,1.942
2007-08-27,1.9515
2007-08-28,2.0122
2007-08-29,1.9631
2007-08-30,1.97
2007-08-31,1.962
2007-09-03,1.955
2007-09-04,1.9485
2007-09-05,1.965
2007-09-06,1.945
2007-09-07,1.961
2007-09-10,1.9495
2007-09-11,1.9285
2007-09-12,1.913
2007-09-13,1.9095
2007-09-14,1.9
2007-09-17,1.92
2007-09-18,1.872
2007-09-19,1.8706
2007-09-20,1.8755
2007-09-21,1.868
2007-09-24,1.8718
2007-09-25,1.8562
2007-09-26,1.844
2007-09-27,1.845
2007-09-28,1.833
2007-10-01,1.8105
2007-10-02,1.8326
2007-10-03,1.8375
2007-10-04,1.8248
2007-10-05,1.8035
2007-10-08,1.8175
2007-10-09,1.8029
2007-10-10,1.7987
2007-10-11,1.804
2007-10-12,1.801
2007-10-15,1.814
2007-10-16,1.815
2007-10-17,1.8185
2007-10-18,1.785
2007-10-19,1.8013
2007-10-22,1.816
2007-10-23,1.7968
2007-10-24,1.7955
2007-10-25,1.7802
2007-10-26,1.7689
2007-10-29,1.7565
2007-10-30,1.751
2007-10-31,1.7355
2007-11-01,1.7528
2007-11-02,1.751
2007-11-05,1.7548
2007-11-06,1.739
2007-11-07,1.7515
2007-11-08,1.7483
2007-11-09,1.7454
2007-11-12,1.7927
2007-11-13,1.7499
2007-11-14,1.7418
2007-11-15,1.7548
2007-11-16,1.7455
2007-11-19,1.7672
2007-11-20,1.7592
2007-11-21,1.7764
2007-11-22,1.779
2007-11-23,1.8018
2007-11-26,1.8484
2007-11-27,1.8362
2007-11-28,1.7782
2007-11-29,1.7884
2007-11-30,1.7962
2007-12-03,1.795
2007-12-04,1.811
2007-12-05,1.7965
2007-12-06,1.7681
2007-12-07,1.7588
2007-12-10,1.7617
2007-12-11,1.778
2007-12-12,1.7714
2007-12-13,1.7741
2007-12-14,1.797
2007-12-17,1.815
2007-12-18,1.8065
2007-12-19,1.7994
2007-12-20,1.8051
2007-12-21,1.7886
2007-12-24,1.79
2007-12-25,1.789
2007-12-26,1.767
2007-12-27,1.7628
2007-12-28,1.7807
2007-12-31,1.779
2008-01-02,1.7619
2008-01-03,1.751
2008-01-04,1.7555
2008-01-07,1.7642
2008-01-08,1.77
2008-01-09,1.7695
2008-01-10,1.7584
2008-01-11,1.747
2008-01-14,1.7313
2008-01-15,1.756
2008-01-16,1.7725
2008-01-17,1.7843
2008-01-18,1.7888
2008-01-21,1.8335
2008-01-22,1.795
2008-01-23,1.8197
2008-01-24,1.7864
2008-01-25,1.7845
2008-01-28,1.783
2008-01-29,1.7786
2008-01-30,1.7614
2008-01-31,1.7588
2008-02-01,1.7455
2008-02-04,1.7465
2008-02-05,1.744
2008-02-06,1.7591
2008-02-07,1.7584
2008-02-08,1.7674
2008-02-11,1.7565
2008-02-12,1.75
2008-02-13,1.7443
2008-02-14,1.749
2008-02-15,1.7525
2008-02-18,1.7403
2008-02-19,1.734
2008-02-20,1.725
2008-02-21,1.7155
2008-02-22,1.7075
2008-02-25,1.703
2008-02-26,1.686
2008-02-27,1.672
2008-02-28,1.666
2008-02-29,1.6907
2008-03-03,1.6694
2008-03-04,1.6772
2008-03-05,1.6625
2008-03-06,1.693
2008-03-07,1.6873
2008-03-10,1.7063
2008-03-11,1.691
2008-03-12,1.6782
2008-03-13,1.6931
2008-03-14,1.712
2008-03-17,1.7209
2008-03-18,1.6853
2008-03-19,1.7283
2008-03-20,1.72
2008-03-24,1.7445
2008-03-25,1.7359
2008-03-26,1.7302
2008-03-27,1.7402
2008-03-28,1.744
2008-03-31,1.7597
2008-04-01,1.74
2008-04-02,1.7278
2008-04-03,1.7194
2008-04-04,1.7098
2008-04-07,1.7058
2008-04-08,1.6955
2008-04-09,1.6891
2008-04-10,1.6841
2008-04-11,1.689
2008-04-14,1.6858
2008-04-15,1.6773
2008-04-16,1.6644
2008-04-17,1.6548
2008-04-18,1.668
2008-04-21,1.6641
2008-04-22,1.6581
2008-04-23,1.655
2008-04-24,1.675
2008-04-25,1.666
2008-04-28,1.688
2008-04-29,1.706
2008-04-30,1.662
2008-05-02,1.648
2008-05-05,1.6537
2008-05-06,1.6545
2008-05-07,1.6847
2008-05-08,1.6968
2008-05-09,1.685
2008-05-12,1.6615
2008-05-13,1.6638
2008-05-14,1.668
2008-05-15,1.6518
2008-05-16,1.641
2008-05-19,1.6505
2008-05-20,1.6513
2008-05-21,1.6573
2008-05-22,1.6573
2008-05-23,1.66
2008-05-26,1.6575
2008-05-27,1.668
2008-05-28,1.6529
2008-05-29,1.6395
2008-05-30,1.6265
2008-06-02,1.6253
2008-06-03,1.6328
2008-06-04,1.6285
2008-06-05,1.6269
2008-06-06,1.6335
2008-06-09,1.6251
2008-06-10,1.6443
2008-06-11,1.6393
2008-06-12,1.634
2008-06-13,1.636
2008-06-16,1.6228
2008-06-17,1.6109
2008-06-18,1.606
2008-06-19,1.6068
2008-06-20,1.606
2008-06-23,1.6127
2008-06-24,1.6048
2008-06-25,1.5907
2008-06-26,1.6027
2008-06-27,1.5954
2008-06-30,1.604
2008-07-01,1.5982
2008-07-02,1.61
2008-07-03,1.611
2008-07-04,1.608
2008-07-07,1.5999
2008-07-08,1.6103
2008-07-09,1.61
2008-07-10,1.6058
2008-07-11,1.601
2008-07-14,1.5968
2008-07-15,1.5929
2008-07-16,1.5968
2008-07-17,1.6005
2008-07-18,1.5895
2008-07-21,1.5822
2008-07-22,1.5792
2008-07-23,1.583
2008-07-24,1.5803
2008-07-25,1.5732
2008-07-28,1.5744
2008-07-29,1.5678
2008-07-30,1.5621
2008-07-31,1.5669
2008-08-01,1.5598
2008-08-04,1.5601
2008-08-05,1.573
2008-08-06,1.5775
2008-08-07,1.5982
2008-08-08,1.6076
2008-08-11,1.6272
2008-08-12,1.6189
2008-08-13,1.6099
2008-08-14,1.624
2008-08-15,1.6397
2008-08-18,1.641
2008-08-19,1.6233
2008-08-20,1.6199
2008-08-21,1.6102
2008-08-22,1.628
2008-08-25,1.631
2008-08-26,1.6283
2008-08-27,1.624
2008-08-28,1.6361
2008-08-29,1.63
2008-09-01,1.6473
2008-09-02,1.6568
2008-09-03,1.679
2008-09-04,1.7138
2008-09-05,1.715
2008-09-08,1.7407
2008-09-09,1.7712
2008-09-10,1.789
2008-09-11,1.8032
2008-09-12,1.7824
2008-09-15,1.8131
2008-09-16,1.8176
2008-09-17,1.8957
2008-09-18,1.889
2008-09-19,1.8299
2008-09-22,1.8066
2008-09-23,1.8435
2008-09-24,1.8624
2008-09-25,1.8275
2008-09-26,1.851
2008-09-29,1.9625
2008-09-30,1.906
2008-10-01,1.9179
2008-10-02,2.0195
2008-10-03,2.038
2008-10-06,2.182
2008-10-07,2.309
2008-10-08,2.315
2008-10-09,2.2698
2008-10-10,2.313
2008-10-13,2.128
2008-10-14,2.075
2008-10-15,2.226
2008-10-16,2.1341
2008-10-17,2.1215
2008-10-20,2.1115
2008-10-21,2.246
2008-10-22,2.3797
2008-10-23,2.241
2008-10-24,2.311
2008-10-27,2.254
2008-10-28,2.1605
2008-10-29,2.1175
2008-10-30,2.105
2008-10-31,2.1616
2008-11-03,2.1614
2008-11-04,2.1108
2008-11-05,2.1313
2008-11-06,2.2036
2008-11-07,2.1474
2008-11-10,2.175
2008-11-11,2.2213
2008-11-12,2.2889
2008-11-13,2.312
2008-11-14,2.2545
2008-11-17,2.273
2008-11-18,2.3133
2008-11-19,2.388
2008-11-20,2.3865
2008-11-21,2.4762
2008-11-24,2.3164
2008-11-25,2.3171
2008-11-26,2.2739
2008-11-27,2.271
2008-11-28,2.3283
2008-12-01,2.346
2008-12-02,2.409
2008-12-03,2.474
2008-12-04,2.504
2008-12-05,2.4298
2008-12-08,2.512
2008-12-09,2.4515
2008-12-10,2.4334
2008-12-11,2.345
2008-12-12,2.365
2008-12-15,2.3846
2008-12-16,2.3075
2008-12-17,2.3546
2008-12-18,2.426
2008-12-19,2.3528
2008-12-22,2.3926
2008-12-23,2.375
2008-12-24,2.376
2008-12-25,2.375
2008-12-26,2.3679
2008-12-29,2.3866
2008-12-30,2.3305
2008-12-31,2.3145
2009-01-01,2.3309
2009-01-02,2.322
2009-01-05,2.2365
2009-01-06,2.1695
2009-01-07,2.2725
2009-01-08,2.2948
2009-01-09,2.2522
2009-01-12,2.3158
2009-01-13,2.3191
2009-01-14,2.366
2009-01-15,2.355
2009-01-16,2.342
2009-01-19,2.3545
2009-01-20,2.376
2009-01-21,2.337
2009-01-22,2.3208
2009-01-23,2.3297
2009-01-26,2.31
2009-01-27,2.3428
2009-01-28,2.267
2009-01-29,2.2939
2009-01-30,2.32
2009-02-02,2.325
2009-02-03,2.308
2009-02-04,2.306
2009-02-05,2.286
2009-02-06,2.257
2009-02-09,2.2665
2009-02-10,2.3134
2009-02-11,2.2624
2009-02-12,2.2955
2009-02-13,2.2555
2009-02-16,2.274
2009-02-17,2.3417
2009-02-18,2.3425
2009-02-19,2.3727
2009-02-20,2.3852
2009-02-23,2.38
2009-02-24,2.3855
2009-02-25,2.3674
2009-02-26,2.3522
2009-02-27,2.3914
2009-03-02,2.4506
2009-03-03,2.4205
2009-03-04,2.3702
2009-03-05,2.3967
2009-03-06,2.387
2009-03-09,2.3862
2009-03-10,2.334
2009-03-11,2.3414
2009-03-12,2.2961
2009-03-13,2.3053
2009-03-16,2.2841
2009-03-17,2.2834
2009-03-18,2.2487
2009-03-19,2.2565
2009-03-20,2.2701
2009-03-23,2.245
2009-03-24,2.2493
2009-03-25,2.2378
2009-03-26,2.2485
2009-03-27,2.2911
2009-03-30,2.331
2009-03-31,2.3233
2009-04-01,2.2733
2009-04-02,2.2312
2009-04-03,2.21
2009-04-06,2.2227
2009-04-07,2.2156
2009-04-08,2.2031
2009-04-09,2.1711
2009-04-10,2.171
2009-04-13,2.1728
2009-04-14,2.2101
2009-04-15,2.1827
2009-04-16,2.1732
2009-04-17,2.1943
2009-04-20,2.2477
2009-04-21,2.2212
2009-04-22,2.2122
2009-04-23,2.2054
2009-04-24,2.1837
2009-04-27,2.2236
2009-04-28,2.2003
2009-04-29,2.1799
2009-04-30,2.1899
2009-05-01,2.174
2009-05-04,2.1141
2009-05-05,2.1353
2009-05-06,2.1126
2009-05-07,2.112
2009-05-08,2.0602
2009-05-11,2.0672
2009-05-12,2.0713
2009-05-13,2.114
2009-05-14,2.0854
2009-05-15,2.1127
2009-05-18,2.0706
2009-05-19,2.04
2009-05-20,2.0337
2009-05-21,2.0325
2009-05-22,2.0267
2009-05-25,2.0276
2009-05-26,2.0053
2009-05-27,2.0422
2009-05-28,2.004
2009-05-29,1.974
2009-06-01,1.952
2009-06-02,1.9214
2009-06-03,1.9646
2009-06-04,1.9377
2009-06-05,1.9614
2009-06-08,1.9634
2009-06-09,1.9438
2009-06-10,1.9474
2009-06-11,1.9461
2009-06-12,1.9273
2009-06-15,1.9502
2009-06-16,1.974
2009-06-17,1.971
2009-06-18,1.9775
2009-06-19,1.9757
2009-06-22,2.0337
2009-06-23,1.979
2009-06-24,1.9696
2009-06-25,1.941
2009-06-26,1.9351
2009-06-29,1.957
2009-06-30,1.9528
2009-07-01,1.9315
2009-07-02,1.955
2009-07-03,1.952
2009-07-06,1.9538
2009-07-07,1.995
2009-07-08,2.0035
2009-07-09,1.991
2009-07-10,1.996
2009-07-13,1.9795
2009-07-14,1.9606
2009-07-15,1.9336
2009-07-16,1.9316
2009-07-17,1.9269
2009-07-20,1.9
2009-07-21,1.8975
2009-07-22,1.9024
2009-07-23,1.8995
2009-07-24,1.8958
2009-07-27,1.8734
2009-07-28,1.8808
2009-07-29,1.8935
2009-07-30,1.8829
2009-07-31,1.8651
2009-08-03,1.8249
2009-08-04,1.8162
2009-08-05,1.8134
2009-08-06,1.8424
2009-08-07,1.8207
2009-08-10,1.8409
2009-08-11,1.8492
2009-08-12,1.8394
2009-08-13,1.8231
2009-08-14,1.847
2009-08-17,1.8811
2009-08-18,1.8444
2009-08-19,1.8415
2009-08-20,1.8443
2009-08-21,1.83
2009-08-24,1.8405
2009-08-25,1.8613
2009-08-26,1.862
2009-08-27,1.8667
2009-08-28,1.8808
2009-08-31,1.881
2009-09-01,1.9147
2009-09-02,1.8863
2009-09-03,1.8604
2009-09-04,1.8445
2009-09-07,1.8426
2009-09-08,1.8298
2009-09-09,1.834
2009-09-10,1.8098
2009-09-11,1.8308
2009-09-14,1.8125
2009-09-15,1.804
2009-09-16,1.8031
2009-09-17,1.8054
2009-09-18,1.8073
2009-09-21,1.825
2009-09-22,1.7928
2009-09-23,1.7976
2009-09-24,1.8003
2009-09-25,1.7902
2009-09-28,1.7872
2009-09-29,1.7905
2009-09-30,1.7664
2009-10-01,1.7866
2009-10-02,1.7819
2009-10-05,1.7597
2009-10-06,1.76
2009-10-07,1.748
2009-10-08,1.736
2009-10-09,1.742
2009-10-12,1.744
2009-10-13,1.7214
2009-10-14,1.7007
2009-10-15,1.7014
2009-10-16,1.7097
2009-10-19,1.7163
2009-10-20,1.753
2009-10-21,1.7328
2009-10-22,1.7335
2009-10-23,1.7185
2009-10-26,1.734
2009-10-27,1.7388
2009-10-28,1.7785
2009-10-29,1.7287
2009-10-30,1.7635
2009-11-02,1.766
2009-11-03,1.7455
2009-11-04,1.7265
2009-11-05,1.717
2009-11-06,1.719
2009-11-09,1.7002
2009-11-10,1.71
2009-11-11,1.718
2009-11-12,1.7345
2009-11-13,1.722
2009-11-16,1.714
2009-11-17,1.7115
2009-11-18,1.7258
2009-11-19,1.7289
2009-11-20,1.7325
2009-11-23,1.728
2009-11-24,1.7356
2009-11-25,1.735
2009-11-26,1.7479
2009-11-27,1.743
2009-11-30,1.756
2009-12-01,1.7226
2009-12-02,1.7188
2009-12-03,1.7087
2009-12-04,1.733
2009-12-07,1.737
2009-12-08,1.7626
2009-12-09,1.7626
2009-12-10,1.7568
2009-12-11,1.7594
2009-12-14,1.745
2009-12-15,1.7536
2009-12-16,1.7561
2009-12-17,1.793
2009-12-18,1.787
2009-12-21,1.7846
2009-12-22,1.7815
2009-12-23,1.762
2009-12-24,1.763
2009-12-25,1.763
2009-12-28,1.7415
2009-12-29,1.742
2009-12-30,1.744
2009-12-31,1.7445
2010-01-01,1.7445
2010-01-04,1.7215
2010-01-05,1.7293
2010-01-06,1.739
2010-01-07,1.7461
2010-01-08,1.727
2010-01-11,1.7343
2010-01-12,1.7462
2010-01-13,1.757
2010-01-14,1.7595
2010-01-15,1.772
2010-01-18,1.76
2010-01-19,1.7713
2010-01-20,1.789
2010-01-21,1.803
2010-01-22,1.8162
2010-01-25,1.822
2010-01-26,1.8309
2010-01-27,1.8535
2010-01-28,1.87
2010-01-29,1.886
2010-02-01,1.8585
2010-02-02,1.83
2010-02-03,1.8325
2010-02-04,1.8805
2010-02-05,1.882
2010-02-08,1.877
2010-02-09,1.846
2010-02-10,1.857
2010-02-11,1.851
2010-02-12,1.862
2010-02-17,1.8326
2010-02-18,1.824
2010-02-19,1.8048
2010-02-22,1.8115
2010-02-23,1.8255
2010-02-24,1.826
2010-02-25,1.824
2010-02-26,1.8072
2010-03-01,1.797
2010-03-02,1.793
2010-03-03,1.791
2010-03-04,1.7881
2010-03-05,1.7784
2010-03-08,1.788
2010-03-09,1.7755
2010-03-10,1.7688
2010-03-11,1.7641
2010-03-12,1.7635
2010-03-15,1.7639
2010-03-16,1.7662
2010-03-17,1.767
2010-03-18,1.7915
2010-03-19,1.8013
2010-03-22,1.7903
2010-03-23,1.7759
2010-03-24,1.8012
2010-03-25,1.8188
2010-03-26,1.8206
2010-03-29,1.7949
2010-03-30,1.7903
2010-03-31,1.7784
2010-04-01,1.7647
2010-04-02,1.7649
2010-04-05,1.7617
2010-04-06,1.7529
2010-04-07,1.781
2010-04-08,1.7738
2010-04-09,1.7747
2010-04-12,1.7538
2010-04-13,1.7499
2010-04-14,1.7451
2010-04-15,1.7485
2010-04-16,1.7598
2010-04-19,1.7534
2010-04-20,1.7525
2010-04-21,1.7509
2010-04-22,1.7642
2010-04-23,1.7562
2010-04-26,1.747
2010-04-27,1.771
2010-04-28,1.7471
2010-04-29,1.728
2010-04-30,1.7395
2010-05-03,1.727
2010-05-04,1.7645
2010-05-05,1.7938
2010-05-06,1.8556
2010-05-07,1.84
2010-05-10,1.7748
2010-05-11,1.7893
2010-05-12,1.7738
2010-05-13,1.7755
2010-05-14,1.8021
2010-05-17,1.8004
2010-05-18,1.8183
2010-05-19,1.8276
2010-05-20,1.8841
2010-05-21,1.8596
2010-05-24,1.8702
2010-05-25,1.8449
2010-05-26,1.8704
2010-05-27,1.8149
2010-05-28,1.8177
2010-05-31,1.8211
2010-06-01,1.8477
2010-06-02,1.8178
2010-06-03,1.818
2010-06-04,1.8654
2010-06-07,1.8795
2010-06-08,1.8541
2010-06-09,1.849
2010-06-10,1.8046
2010-06-11,1.8106
2010-06-14,1.8109
2010-06-15,1.7875
2010-06-16,1.7875
2010-06-17,1.7801
2010-06-18,1.7703
2010-06-21,1.7713
2010-06-22,1.7882
2010-06-23,1.7872
2010-06-24,1.7836
2010-06-25,1.7795
2010-06-28,1.78
2010-06-29,1.8138
2010-06-30,1.8047
2010-07-01,1.7907
2010-07-02,1.7724
2010-07-05,1.7775
2010-07-06,1.7797
2010-07-07,1.7655
2010-07-08,1.7608
2010-07-09,1.7554
2010-07-12,1.7607
2010-07-13,1.7568
2010-07-14,1.7619
2010-07-15,1.763
2010-07-16,1.7814
2010-07-19,1.7927
2010-07-20,1.7741
2010-07-21,1.781
2010-07-22,1.7582
2010-07-23,1.7739
2010-07-26,1.7626
2010-07-27,1.7671
2010-07-28,1.7685
2010-07-29,1.7577
2010-07-30,1.755
2010-08-02,1.7517
2010-08-03,1.7577
2010-08-04,1.7524
2010-08-05,1.752
2010-08-06,1.7608
2010-08-09,1.7492
2010-08-10,1.7532
2010-08-11,1.7743
2010-08-12,1.7697
2010-08-13,1.7719
2010-08-16,1.7547
2010-08-17,1.7544
2010-08-18,1.7531
2010-08-19,1.7555
2010-08-20,1.756
2010-08-23,1.77
2010-08-24,1.7704
2010-08-25,1.7637
2010-08-26,1.7621
2010-08-27,1.75
2010-08-30,1.7596
2010-08-31,1.7559
2010-09-01,1.7459
2010-09-02,1.7257
2010-09-03,1.7328
2010-09-06,1.7268
2010-09-07,1.7345
2010-09-08,1.7263
2010-09-09,1.7204
2010-09-10,1.7223
2010-09-13,1.7106
2010-09-14,1.7098
2010-09-15,1.712
2010-09-16,1.7115
2010-09-17,1.7202
2010-09-20,1.7329
2010-09-21,1.711
2010-09-22,1.7189
2010-09-23,1.7245
2010-09-24,1.7106
2010-09-27,1.7113
2010-09-28,1.708
2010-09-29,1.7019
2010-09-30,1.6876
2010-10-01,1.69
2010-10-04,1.698
2010-10-05,1.6633
2010-10-06,1.6785
2010-10-07,1.681
2010-10-08,1.6663
2010-10-11,1.6702
2010-10-12,1.6707
2010-10-13,1.6533
2010-10-14,1.6603
2010-10-15,1.6655
2010-10-18,1.6728
2010-10-19,1.6859
2010-10-20,1.677
2010-10-21,1.697
2010-10-22,1.706
2010-10-25,1.6963
2010-10-26,1.7033
2010-10-27,1.7203
2010-10-28,1.712
2010-10-29,1.7012
2010-11-01,1.708
2010-11-02,1.704
2010-11-03,1.7001
2010-11-04,1.6773
2010-11-05,1.6775
2010-11-08,1.7003
2010-11-09,1.7007
2010-11-10,1.7078
2010-11-11,1.7158
2010-11-12,1.7219
2010-11-15,1.7244
2010-11-16,1.7403
2010-11-17,1.7264
2010-11-18,1.714
2010-11-19,1.7192
2010-11-22,1.719
2010-11-23,1.736
2010-11-24,1.721
2010-11-25,1.7211
2010-11-26,1.7269
2010-11-29,1.7183
2010-11-30,1.7155
2010-12-01,1.706
2010-12-02,1.696
2010-12-03,1.6851
2010-12-06,1.6749
2010-12-07,1.683
2010-12-08,1.6898
2010-12-09,1.71
2010-12-10,1.7066
2010-12-13,1.694
2010-12-14,1.698
2010-12-15,1.6998
2010-12-16,1.7028
2010-12-17,1.7125
2010-12-20,1.7062
2010-12-21,1.6952
2010-12-22,1.6998
2010-12-23,1.6903
2010-12-24,1.6909
2010-12-27,1.686
2010-12-28,1.6915
2010-12-29,1.6795
2010-12-30,1.66
2010-12-31,1.66
2011-01-03,1.6475
2011-01-04,1.661
2011-01-05,1.674
2011-01-06,1.6865
2011-01-07,1.6838
2011-01-10,1.689
2011-01-11,1.6868
2011-01-12,1.6714
2011-01-13,1.673
2011-01-14,1.6855
2011-01-17,1.681
2011-01-18,1.6742
2011-01-19,1.6735
2011-01-20,1.674
2011-01-21,1.677
2011-01-24,1.67
2011-01-25,1.6717
2011-01-26,1.668
2011-01-27,1.6762
2011-01-28,1.6821
2011-01-31,1.668
2011-02-01,1.6648
2011-02-02,1.6665
2011-02-03,1.6678
2011-02-04,1.674
2011-02-07,1.6768
2011-02-08,1.666
2011-02-09,1.6615
2011-02-10,1.669
2011-02-11,1.6657
2011-02-14,1.667
2011-02-15,1.67
2011-02-16,1.6685
2011-02-17,1.6615
2011-02-18,1.6635
2011-02-21,1.6684
2011-02-22,1.6721
2011-02-23,1.6755
2011-02-24,1.6655
2011-02-25,1.6635
2011-02-28,1.6638
2011-03-01,1.6645
2011-03-02,1.658
2011-03-03,1.6555
2011-03-04,1.6555
2011-03-09,1.654
2011-03-10,1.663
2011-03-11,1.6651
2011-03-14,1.66
2011-03-15,1.6655
2011-03-16,1.6655
2011-03-17,1.678
2011-03-18,1.671
2011-03-21,1.6633
2011-03-22,1.6635
2011-03-23,1.6605
2011-03-24,1.659
2011-03-25,1.6625
2011-03-28,1.663
2011-03-29,1.646
2011-03-30,1.6285
2011-03-31,1.632
2011-04-01,1.607
2011-04-04,1.6135
2011-04-05,1.6097
2011-04-06,1.615
2011-04-07,1.5865
2011-04-08,1.5688
2011-04-11,1.5833
2011-04-12,1.568
2011-04-13,1.5868
2011-04-14,1.5783
2011-04-15,1.5765
2011-04-18,1.5895
2011-04-19,1.5775
2011-04-20,1.566
2011-04-25,1.5695
2011-04-26,1.5625
2011-04-27,1.569
2011-04-28,1.5785
2011-04-29,1.5765
2011-05-02,1.588
2011-05-03,1.588
2011-05-04,1.618
2011-05-05,1.621
2011-05-06,1.6133
2011-05-09,1.614
2011-05-10,1.611
2011-05-11,1.6215
2011-05-12,1.63
2011-05-13,1.6365
2011-05-16,1.6345
2011-05-17,1.6155
2011-05-18,1.614
2011-05-19,1.616
2011-05-20,1.625
2011-05-23,1.633
2011-05-24,1.6235
2011-05-25,1.63
2011-05-26,1.6145
2011-05-27,1.6078
2011-05-30,1.5895
2011-05-31,1.58
2011-06-01,1.594
2011-06-02,1.5747
2011-06-03,1.5761
2011-06-06,1.577
2011-06-07,1.5797
2011-06-08,1.5806
2011-06-09,1.5832
2011-06-10,1.5971
2011-06-13,1.5832
2011-06-14,1.5834
2011-06-15,1.6002
2011-06-16,1.6028
2011-06-17,1.598
2011-06-20,1.5965
2011-06-21,1.5855
2011-06-22,1.591
2011-06-23,1.592
2011-06-24,1.6052
2011-06-27,1.5945
2011-06-28,1.5765
2011-06-29,1.5675
2011-06-30,1.5634
2011-07-01,1.558
2011-07-04,1.5528
2011-07-05,1.5649
2011-07-06,1.5695
2011-07-07,1.5533
2011-07-08,1.5624
2011-07-11,1.5775
2011-07-12,1.5794
2011-07-13,1.5758
2011-07-14,1.5789
2011-07-15,1.5743
2011-07-18,1.5744
2011-07-19,1.563
2011-07-20,1.5652
2011-07-21,1.5525
2011-07-22,1.5518
2011-07-25,1.5399
2011-07-26,1.5394
2011-07-27,1.555
2011-07-28,1.5655
2011-07-29,1.5495
2011-08-01,1.566
2011-08-02,1.563
2011-08-03,1.5603
2011-08-04,1.5883
2011-08-05,1.5763
2011-08-08,1.6266
2011-08-09,1.5888
2011-08-10,1.6253
2011-08-11,1.6262
2011-08-12,1.6118
2011-08-15,1.589
2011-08-16,1.59
2011-08-17,1.5872
2011-08-18,1.5992
2011-08-19,1.6001
2011-08-22,1.6073
2011-08-23,1.5968
2011-08-24,1.6139
2011-08-25,1.6093
2011-08-26,1.6041
2011-08-29,1.5916
2011-08-30,1.5954
2011-08-31,1.5896
2011-09-01,1.6195
2011-09-02,1.6403
2011-09-05,1.6447
2011-09-06,1.6564
2011-09-07,1.6614
2011-09-08,1.6605
2011-09-09,1.6731
2011-09-12,1.7023
2011-09-13,1.7099
2011-09-14,1.7146
2011-09-15,1.707
2011-09-16,1.733
2011-09-19,1.7978
2011-09-20,1.786
2011-09-21,1.8862
2011-09-22,1.906
2011-09-23,1.8336
2011-09-26,1.8239
2011-09-27,1.8059
2011-09-28,1.8414
2011-09-29,1.8408
2011-09-30,1.8792
2011-10-03,1.8915
2011-10-04,1.8573
2011-10-05,1.8329
2011-10-06,1.7811
2011-10-07,1.7717
2011-10-10,1.7725
2011-10-11,1.7759
2011-10-12,1.7703
2011-10-13,1.7511
2011-10-14,1.7329
2011-10-17,1.76
2011-10-18,1.753
2011-10-19,1.7731
2011-10-20,1.782
2011-10-21,1.775
2011-10-24,1.7545
2011-10-25,1.7655
2011-10-26,1.7587
2011-10-27,1.7093
2011-10-28,1.6925
2011-10-31,1.7173
2011-11-01,1.7455
2011-11-03,1.7364
2011-11-04,1.7525
2011-11-07,1.747
2011-11-08,1.733
2011-11-09,1.78
2011-11-10,1.7695
2011-11-11,1.7452
2011-11-14,1.7665
2011-11-16,1.7713
2011-11-17,1.78
2011-11-18,1.7813
2011-11-21,1.8077
2011-11-22,1.8152
2011-11-23,1.8668
2011-11-24,1.8981
2011-11-25,1.8907
2011-11-28,1.8658
2011-11-29,1.8458
2011-11-30,1.809
2011-12-01,1.8005
2011-12-02,1.7918
2011-12-05,1.7851
2011-12-06,1.793
2011-12-07,1.7997
2011-12-08,1.8122
2011-12-09,1.8059
2011-12-12,1.8385
2011-12-13,1.8553
2011-12-14,1.8749
2011-12-15,1.8603
2011-12-16,1.852
2011-12-19,1.8676
2011-12-20,1.8459
2011-12-21,1.855
2011-12-22,1.8561
2011-12-23,1.8595
2011-12-26,1.859
2011-12-27,1.8605
2011-12-28,1.8738
2011-12-29,1.8653
2011-12-30,1.8633
2012-01-02,1.8707
2012-01-03,1.8317
2012-01-04,1.8332
2012-01-05,1.8401
2012-01-06,1.851
2012-01-09,1.8405
2012-01-10,1.7995
2012-01-11,1.8027
2012-01-12,1.7811
2012-01-13,1.7903
2012-01-16,1.7859
2012-01-17,1.7871
2012-01-18,1.7667
2012-01-19,1.7653
2012-01-20,1.7637
2012-01-23,1.7547
2012-01-24,1.7598
2012-01-25,1.7605
2012-01-26,1.7505
2012-01-27,1.7372
2012-01-30,1.7485
2012-01-31,1.7465
2012-02-01,1.7343
2012-02-02,1.7207
2012-02-03,1.7169
2012-02-06,1.7223
2012-02-07,1.7235
2012-02-08,1.7218
2012-02-09,1.7175
2012-02-10,1.7222
2012-02-13,1.7138
2012-02-14,1.7212
2012-02-15,1.7291
2012-02-16,1.7165
2012-02-17,1.7147
2012-02-22,1.7065
2012-02-23,1.7103
2012-02-24,1.7095
2012-02-27,1.7081
2012-02-28,1.6948
2012-02-29,1.7183
2012-03-01,1.7138
2012-03-02,1.7303
2012-03-05,1.7381
2012-03-06,1.7575
2012-03-07,1.7667
2012-03-08,1.7621
2012-03-09,1.7915
2012-03-12,1.7972
2012-03-13,1.7927
2012-03-14,1.8043
2012-03-15,1.7983
2012-03-16,1.7999
2012-03-19,1.8206
2012-03-20,1.8148
2012-03-21,1.818
2012-03-22,1.8194
2012-03-23,1.8104
2012-03-26,1.8171
2012-03-27,1.822
2012-03-28,1.8271
2012-03-29,1.8216
2012-03-30,1.8268
2012-04-02,1.8325
2012-04-03,1.8258
2012-04-04,1.8266
2012-04-05,1.8227
2012-04-06,1.8239
2012-04-09,1.818
2012-04-10,1.8339
2012-04-11,1.8356
2012-04-12,1.8268
2012-04-13,1.8378
2012-04-16,1.8474
2012-04-17,1.8613
2012-04-18,1.8789
2012-04-19,1.8804
2012-04-20,1.8733
2012-04-23,1.8799
2012-04-24,1.8785
2012-04-25,1.8807
2012-04-26,1.8852
2012-04-27,1.884
2012-04-30,1.9084
2012-05-01,1.9103
2012-05-02,1.9248
2012-05-03,1.9081
2012-05-04,1.9245
2012-05-07,1.9201
2012-05-08,1.9407
2012-05-09,1.9688
2012-05-10,1.9544
2012-05-11,1.9659
2012-05-14,1.9969
2012-05-15,2.0022
2012-05-16,2.0003
2012-05-17,2.0094
2012-05-18,2.0233
2012-05-21,2.0427
2012-05-22,2.0905
2012-05-23,2.0327
2012-05-24,2.0291
2012-05-25,1.9877
2012-05-28,1.9825
2012-05-29,1.9938
2012-05-30,2.0168
2012-05-31,2.0235
2012-06-01,2.0401
2012-06-04,2.0579
2012-06-05,2.0219
2012-06-06,2.0328
2012-06-07,2.0328
2012-06-08,2.0219
2012-06-11,2.064
2012-06-12,2.0673
2012-06-13,2.0726
2012-06-14,2.056
2012-06-15,2.0528
2012-06-18,2.0592
2012-06-19,2.0276
2012-06-20,2.0264
2012-06-21,2.0608
2012-06-22,2.0669
2012-06-25,2.0613
2012-06-26,2.072
2012-06-27,2.077
2012-06-28,2.0795
2012-06-29,2.0115
2012-07-02,1.9856
2012-07-03,2.0141
2012-07-04,2.0279
2012-07-05,2.0181
2012-07-06,2.0281
2012-07-09,2.0333
2012-07-10,2.0343
2012-07-11,2.0359
2012-07-12,2.0395
2012-07-13,2.0383
2012-07-16,2.0375
2012-07-17,2.0221
2012-07-18,2.0231
2012-07-19,2.0129
2012-07-20,2.0235
2012-07-23,2.0391
2012-07-24,2.0467
2012-07-25,2.0339
2012-07-26,2.0215
2012-07-27,2.0249
2012-07-30,2.0413
2012-07-31,2.0563
2012-08-01,2.0449
2012-08-02,2.0497
2012-08-03,2.0279
2012-08-06,2.0311
2012-08-07,2.0282
2012-08-08,2.0223
2012-08-09,2.0139
2012-08-10,2.0168
2012-08-13,2.0218
2012-08-14,2.0254
2012-08-15,2.0204
2012-08-16,2.019
2012-08-17,2.0155
2012-08-20,2.0184
2012-08-21,2.017
2012-08-22,2.0188
2012-08-23,2.0238
2012-08-24,2.0273
2012-08-27,2.0304
2012-08-28,2.0415
2012-08-29,2.05
2012-08-30,2.0453
2012-08-31,2.027
2012-09-03,2.0312
2012-09-04,2.0401
2012-09-05,2.0389
2012-09-06,2.0307
2012-09-07,2.0307
2012-09-10,2.0251
2012-09-11,2.0182
2012-09-12,2.026
2012-09-13,2.0204
2012-09-14,2.0117
2012-09-17,2.0291
2012-09-18,2.0241
2012-09-19,2.0233
2012-09-20,2.0229
2012-09-21,2.0237
2012-09-24,2.0244
2012-09-25,2.0273
2012-09-26,2.0329
2012-09-27,2.0315
2012-09-28,2.0277
2012-10-01,2.0266
2012-10-02,2.027
2012-10-03,2.0224
2012-10-04,2.0184
2012-10-05,2.0303
2012-10-08,2.0303
2012-10-09,2.0337
2012-10-10,2.0391
2012-10-11,2.0423
2012-10-12,2.0376
2012-10-15,2.034
2012-10-16,2.0355
2012-10-17,2.0304
2012-10-18,2.0282
2012-10-19,2.0277
2012-10-22,2.0246
2012-10-23,2.0269
2012-10-24,2.0262
2012-10-25,2.026
2012-10-26,2.0265
2012-10-29,2.0336
2012-10-30,2.0307
2012-10-31,2.031
2012-11-01,2.0315
2012-11-05,2.0353
2012-11-06,2.0322
2012-11-07,2.0338
2012-11-08,2.0404
2012-11-09,2.0463
2012-11-12,2.051
2012-11-13,2.0583
2012-11-14,2.0669
2012-11-16,2.0762
2012-11-19,2.0763
2012-11-20,2.0805
2012-11-21,2.0988
2012-11-22,2.1048
2012-11-23,2.0816
2012-11-26,2.0832
2012-11-27,2.0773
2012-11-28,2.0856
2012-11-29,2.0966
2012-11-30,2.1361
2012-12-03,2.1193
2012-12-04,2.1124
2012-12-05,2.099
2012-12-06,2.0781
2012-12-07,2.0748
2012-12-10,2.0779
2012-12-11,2.0789
2012-12-12,2.072
2012-12-13,2.0814
2012-12-14,2.0839
2012-12-17,2.0995
2012-12-18,2.0885
2012-12-19,2.0697
2012-12-20,2.0644
2012-12-21,2.0783
2012-12-24,2.079
2012-12-26,2.0491
2012-12-27,2.0435
2012-12-28,2.0475
2012-12-31,2.0519
2013-01-02,2.044
2013-01-03,2.0459
2013-01-04,2.0348
2013-01-07,2.0268
2013-01-08,2.0416
2013-01-09,2.0378
2013-01-10,2.029
2013-01-11,2.0362
2013-01-14,2.0306
2013-01-15,2.0358
2013-01-16,2.0443
2013-01-17,2.0399
2013-01-18,2.0449
2013-01-21,2.0411
2013-01-22,2.0465
2013-01-23,2.0354
2013-01-24,2.0305
2013-01-25,2.0305
2013-01-28,2.0013
2013-01-29,1.9859
2013-01-30,1.9915
2013-01-31,1.9908
2013-02-01,1.988
2013-02-04,1.9928
2013-02-05,1.9845
2013-02-06,1.9868
2013-02-07,1.9696
2013-02-08,1.9733
2013-02-13,1.9654
2013-02-14,1.9592
2013-02-15,1.9688
2013-02-18,1.9641
2013-02-19,1.9557
2013-02-20,1.9611
2013-02-21,1.9736
2013-02-22,1.9715
2013-02-25,1.9758
2013-02-26,1.9825
2013-02-27,1.9741
2013-02-28,1.9735
2013-03-01,1.9793
2013-03-04,1.9782
2013-03-05,1.9644
2013-03-06,1.9672
2013-03-07,1.9627
2013-03-08,1.948
2013-03-11,1.9568
2013-03-12,1.965
2013-03-13,1.9721
2013-03-14,1.9718
2013-03-15,1.9843
2013-03-18,1.987
2013-03-19,1.9855
2013-03-20,1.9901
2013-03-21,2.0056
2013-03-22,2.0092
2013-03-25,2.0126
2013-03-26,2.0148
2013-03-27,2.0112
2013-03-28,2.0219
2013-03-29,2.0222
2013-04-01,2.02
2013-04-02,2.019
2013-04-03,2.0249
2013-04-04,2.0141
2013-04-05,1.9853
2013-04-08,1.9922
2013-04-09,1.9809
2013-04-10,1.974
2013-04-11,1.9747
2013-04-12,1.9698
2013-04-15,1.9937
2013-04-16,1.9871
2013-04-17,2.0012
2013-04-18,2.0189
2013-04-19,2.0111
2013-04-22,2.0203
2013-04-23,2.0264
2013-04-24,2.0139
2013-04-25,2.0012
2013-04-26,1.9987
2013-04-29,2.0072
2013-04-30,2.0016
2013-05-01,2.0003
2013-05-02,2.0109
2013-05-03,2.0104
2013-05-06,2.0135
2013-05-07,2.0078
2013-05-08,2.0035
2013-05-09,2.0122
2013-05-10,2.026
2013-05-13,2.0089
2013-05-14,2.0158
2013-05-15,2.0263
2013-05-16,2.0268
2013-05-17,2.0364
2013-05-20,2.0384
2013-05-21,2.041
2013-05-22,2.0495
2013-05-23,2.0446
2013-05-24,2.0515
2013-05-27,2.0548
2013-05-28,2.0704
2013-05-29,2.1106
2013-05-30,2.1097
2013-05-31,2.1416
2013-06-03,2.124
2013-06-04,2.1231
2013-06-05,2.1273
2013-06-06,2.1288
2013-06-07,2.1375
2013-06-10,2.1472
2013-06-11,2.1325
2013-06-12,2.1497
2013-06-13,2.1214
2013-06-14,2.153
2013-06-17,2.1709
2013-06-18,2.1834
2013-06-19,2.225
2013-06-20,2.2578
2013-06-21,2.2454
2013-06-24,2.2262
2013-06-25,2.214
2013-06-26,2.189
2013-06-27,2.199
2013-06-28,2.2288
2013-07-01,2.2268
2013-07-02,2.25
2013-07-03,2.2684
2013-07-04,2.248
2013-07-05,2.2527
2013-07-08,2.2637
2013-07-09,2.2571
2013-07-10,2.2649
2013-07-11,2.2565
2013-07-12,2.2674
2013-07-15,2.2193
2013-07-16,2.2537
2013-07-17,2.2258
2013-07-18,2.2276
2013-07-19,2.2469
2013-07-22,2.2329
2013-07-23,2.2141
2013-07-24,2.2503
2013-07-25,2.2427
2013-07-26,2.2521
2013-07-29,2.2661
2013-07-30,2.2835
2013-07-31,2.2767
2013-08-01,2.3038
2013-08-02,2.288
2013-08-05,2.3013
2013-08-06,2.2993
2013-08-07,2.3135
2013-08-08,2.2815
2013-08-09,2.2717
2013-08-12,2.2828
2013-08-13,2.3149
2013-08-14,2.3245
2013-08-15,2.3418
2013-08-16,2.3926
2013-08-19,2.413
2013-08-20,2.3971
2013-08-21,2.455
2013-08-22,2.4363
2013-08-23,2.3487
2013-08-26,2.3827
2013-08-27,2.3718
2013-08-28,2.3422
2013-08-29,2.359
2013-08-30,2.3855
2013-09-02,2.3773
2013-09-03,2.3657
2013-09-04,2.3605
2013-09-05,2.3246
2013-09-06,2.3066
2013-09-09,2.2767
2013-09-10,2.2837
2013-09-11,2.2746
2013-09-12,2.2756
2013-09-13,2.2805
2013-09-16,2.2843
2013-09-17,2.257
2013-09-18,2.1864
2013-09-19,2.2023
2013-09-20,2.2187
2013-09-23,2.2007
2013-09-24,2.1995
2013-09-25,2.2263
2013-09-26,2.2442
2013-09-27,2.2516
2013-09-30,2.2164
2013-10-01,2.2166
2013-10-02,2.2015
2013-10-03,2.2075
2013-10-04,2.2065
2013-10-07,2.2051
2013-10-08,2.2116
2013-10-09,2.2067
2013-10-10,2.1801
2013-10-11,2.1761
2013-10-14,2.1795
2013-10-15,2.1782
2013-10-16,2.1763
2013-10-17,2.1521
2013-10-18,2.1688
2013-10-21,2.1746
2013-10-22,2.1725
2013-10-23,2.1772
2013-10-24,2.2157
2013-10-25,2.1878
2013-10-28,2.1801
2013-10-29,2.185
2013-10-30,2.185
2013-10-31,2.2371
2013-11-01,2.2567
2013-11-04,2.2453
2013-11-05,2.2853
2013-11-06,2.2856
2013-11-07,2.3059
2013-11-08,2.3143
2013-11-11,2.3308
2013-11-12,2.3333
2013-11-13,2.3338
2013-11-14,2.3189
2013-11-18,2.2633
2013-11-19,2.2713
2013-11-20,2.2712
2013-11-21,2.3064
2013-11-22,2.2802
2013-11-25,2.2838
2013-11-26,2.2969
2013-11-27,2.3299
2013-11-28,2.311
2013-11-29,2.3341
2013-12-02,2.3561
2013-12-03,2.376
2013-12-04,2.3792
2013-12-05,2.3609
2013-12-06,2.331
2013-12-09,2.3198
2013-12-10,2.3088
2013-12-11,2.3351
2013-12-12,2.3435
2013-12-13,2.3356
2013-12-16,2.3277
2013-12-17,2.322
2013-12-18,2.3439
2013-12-19,2.351
2013-12-20,2.3783
2013-12-23,2.3571
2013-12-24,2.3572
2013-12-26,2.3518
2013-12-27,2.3385
2013-12-30,2.3622
2013-12-31,2.3621
2014-01-02,2.3944
2014-01-03,2.3813
2014-01-06,2.3763
2014-01-07,2.3717
2014-01-08,2.3894
2014-01-09,2.3972
2014-01-10,2.368
2014-01-13,2.3595
2014-01-14,2.3535
2014-01-15,2.3491
2014-01-16,2.3639
2014-01-17,2.349
2014-01-20,2.3443
2014-01-21,2.363
2014-01-22,2.3729
2014-01-23,2.3959
2014-01-24,2.3995
2014-01-27,2.4215
2014-01-28,2.4263
2014-01-29,2.4354
2014-01-30,2.4096
2014-01-31,2.4133
2014-02-03,2.4324
2014-02-04,2.4052
2014-02-05,2.3986
2014-02-06,2.3857
2014-02-07,2.3812
2014-02-10,2.4083
2014-02-11,2.4008
2014-02-12,2.4224
2014-02-13,2.4045
2014-02-14,2.3847
2014-02-17,2.3898
2014-02-18,2.3958
2014-02-19,2.3935
2014-02-20,2.3704
2014-02-21,2.3457
2014-02-24,2.3413
2014-02-25,2.3422
2014-02-26,2.35
2014-02-27,2.3358
2014-02-28,2.3384
2014-03-05,2.3185
2014-03-06,2.3236
2014-03-07,2.3406
2014-03-10,2.35
2014-03-11,2.3636
2014-03-12,2.3556
2014-03-13,2.3655
2014-03-14,2.3539
2014-03-17,2.3488
2014-03-18,2.3397
2014-03-19,2.3476
2014-03-20,2.3266
2014-03-21,2.3254
2014-03-24,2.323
2014-03-25,2.3114
2014-03-26,2.3038
2014-03-27,2.2595
2014-03-28,2.2614
2014-03-31,2.272
2014-04-01,2.2641
2014-04-02,2.2695
2014-04-03,2.28
2014-04-04,2.2357
2014-04-07,2.2142
2014-04-08,2.2019
2014-04-09,2.1989
2014-04-10,2.1896
2014-04-11,2.2179
2014-04-14,2.2154
2014-04-15,2.2329
2014-04-16,2.2414
2014-04-17,2.237
2014-04-18,2.2374
2014-04-22,2.2383
2014-04-23,2.2219
2014-04-24,2.2143
2014-04-25,2.2426
2014-04-28,2.2237
2014-04-29,2.235
2014-04-30,2.2321
2014-05-01,2.2334
2014-05-02,2.2218
2014-05-05,2.2433
2014-05-06,2.2293
2014-05-07,2.2169
2014-05-08,2.2153
2014-05-09,2.2134
2014-05-12,2.2151
2014-05-13,2.2148
2014-05-14,2.2023
2014-05-15,2.2189
2014-05-16,2.2144
2014-05-19,2.2085
2014-05-20,2.2177
2014-05-21,2.2092
2014-05-22,2.2185
2014-05-23,2.223
2014-05-26,2.2245
2014-05-27,2.2395
2014-05-28,2.2323
2014-05-29,2.2239
2014-05-30,2.2413
2014-06-02,2.2768
2014-06-03,2.2801
2014-06-04,2.2818
2014-06-05,2.2656
2014-06-06,2.2475
2014-06-09,2.229
2014-06-10,2.2261
2014-06-11,2.2358
2014-06-12,2.2358
2014-06-13,2.2238
2014-06-16,2.2352
2014-06-17,2.2621
2014-06-18,2.2276
2014-06-19,2.2339
2014-06-20,2.2304
2014-06-23,2.2174
2014-06-24,2.2243
2014-06-25,2.2076
2014-06-26,2.1967
2014-06-27,2.194
2014-06-30,2.2132
2014-07-01,2.2015
2014-07-02,2.2223
2014-07-03,2.2121
2014-07-04,2.2121
2014-07-07,2.2217
2014-07-08,2.2149
2014-07-09,2.2149
2014-07-10,2.2193
2014-07-11,2.2219
2014-07-14,2.2133
2014-07-15,2.219
2014-07-16,2.2256
2014-07-17,2.2463
2014-07-18,2.229
2014-07-21,2.2209
2014-07-22,2.2122
2014-07-23,2.2209
2014-07-24,2.2216
2014-07-25,2.2285
2014-07-28,2.2229
2014-07-29,2.2305
2014-07-30,2.2493
2014-07-31,2.267
2014-08-01,2.2606
2014-08-04,2.2592
2014-08-05,2.2815
2014-08-06,2.276
2014-08-07,2.2952
2014-08-08,2.2835
2014-08-11,2.2755
2014-08-12,2.2739
2014-08-13,2.281
2014-08-14,2.2719
2014-08-15,2.2601
2014-08-18,2.2594
2014-08-19,2.2499
2014-08-20,2.2576
2014-08-21,2.2691
2014-08-22,2.279
2014-08-25,2.2883
2014-08-26,2.265
2014-08-27,2.2606
2014-08-28,2.2399
2014-08-29,2.236
2014-09-01,2.2458
2014-09-02,2.2435
2014-09-03,2.237
2014-09-04,2.2434
2014-09-05,2.2441
2014-09-08,2.2666
2014-09-09,2.2859
2014-09-10,2.2953
2014-09-11,2.2951
2014-09-12,2.3386
2014-09-15,2.3395
2014-09-16,2.3314
2014-09-17,2.3569
2014-09-18,2.3653
2014-09-19,2.3682
2014-09-22,2.3953
2014-09-23,2.4119
2014-09-24,2.3834
2014-09-25,2.4275
2014-09-26,2.4206
2014-09-29,2.4475
2014-09-30,2.4446
2014-10-01,2.4852
2014-10-02,2.4954
2014-10-03,2.4744
2014-10-06,2.4262
2014-10-07,2.4012
2014-10-08,2.3767
2014-10-09,2.3966
2014-10-10,2.4075
2014-10-13,2.3943
2014-10-14,2.4002
2014-10-15,2.4578
2014-10-16,2.4727
2014-10-17,2.4349
2014-10-20,2.459
2014-10-21,2.4731
2014-10-22,2.4894
2014-10-23,2.5122
2014-10-24,2.4632
2014-10-27,2.5204
2014-10-28,2.4802
2014-10-29,2.4468
2014-10-30,2.4044
2014-10-31,2.4696
2014-11-03,2.5004
2014-11-04,2.5094
2014-11-05,2.5142
2014-11-06,2.5502
2014-11-07,2.5588
2014-11-10,2.5471
2014-11-11,2.5573
2014-11-12,2.5595
2014-11-13,2.595
2014-11-14,2.6006
2014-11-17,2.6084
2014-11-18,2.5915
2014-11-19,2.5798
2014-11-20,2.5731
2014-11-21,2.5151
2014-11-24,2.5495
2014-11-25,2.532
2014-11-26,2.5009
2014-11-27,2.5304
2014-11-28,2.5658
2014-12-01,2.5577
2014-12-02,2.5689
2014-12-03,2.5533
2014-12-04,2.5915
2014-12-05,2.5895
2014-12-08,2.6005
2014-12-09,2.5935
2014-12-10,2.616
2014-12-11,2.6494
2014-12-12,2.6544
2014-12-15,2.695
2014-12-16,2.737
2014-12-17,2.7003
2014-12-18,2.6539
2014-12-19,2.6596
2014-12-22,2.6634
2014-12-23,2.706
2014-12-24,2.6955
2014-12-26,2.669
2014-12-29,2.7023
2014-12-30,2.6468
2014-12-31,2.6468
2015-01-01,2.6468
2015-01-02,2.6942
2015-01-05,2.7259
2015-01-06,2.6967
2015-01-07,2.6942
2015-01-08,2.6698
2015-01-09,2.6366
2015-01-12,2.6622
2015-01-13,2.6313
2015-01-14,2.6153
2015-01-15,2.6349
2015-01-16,2.6211
2015-01-19,2.6518
2015-01-20,2.6138
2015-01-21,2.6089
2015-01-22,2.5689
2015-01-23,2.5827
2015-01-26,2.5894
2015-01-27,2.5725
2015-01-28,2.5765
2015-01-29,2.6077
2015-01-30,2.6823
2015-02-02,2.7271
2015-02-03,2.6945
2015-02-04,2.742
2015-02-05,2.7446
2015-02-06,2.7786
2015-02-09,2.7698
2015-02-10,2.8343
2015-02-11,2.8693
2015-02-12,2.8219
2015-02-13,2.8346
2015-02-18,2.8384
2015-02-19,2.8667
2015-02-20,2.868
2015-02-23,2.8788
2015-02-24,2.8326
2015-02-25,2.875
2015-02-26,2.9085
2015-02-27,2.8553
2015-03-02,2.8965
2015-03-03,2.9312
2015-03-04,2.9766
2015-03-05,3.0035
2015-03-06,3.062
2015-03-09,3.1227
2015-03-10,3.102
2015-03-11,3.1259
2015-03-12,3.1653
2015-03-13,3.2486
2015-03-16,3.2451
2015-03-17,3.2398
2015-03-18,3.2104
2015-03-19,3.2924
2015-03-20,3.2292
2015-03-23,3.1321
2015-03-24,3.1395
2015-03-25,3.2027
2015-03-26,3.1834
2015-03-27,3.2488
2015-03-30,3.2286
2015-03-31,3.1971
2015-04-01,3.1648
2015-04-02,3.1209
2015-04-03,3.1206
2015-04-06,3.1264
2015-04-07,3.1305
2015-04-08,3.0493
2015-04-09,3.0574
2015-04-10,3.0755
2015-04-13,3.121
2015-04-14,3.0636
2015-04-15,3.0284
2015-04-16,3.0208
2015-04-17,3.0409
2015-04-20,3.0329
2015-04-21,3.033
2015-04-22,3.0107
2015-04-23,2.9705
2015-04-24,2.9513
2015-04-27,2.9173
2015-04-28,2.9395
2015-04-29,2.961
2015-04-30,3.0143
2015-05-01,3.0111
2015-05-04,3.0857
2015-05-05,3.0569
2015-05-06,3.0353
2015-05-07,3.0258
2015-05-08,2.974
2015-05-11,3.0608
2015-05-12,3.0199
2015-05-13,3.0392
2015-05-14,2.994
2015-05-15,2.998
2015-05-18,3.0051
2015-05-19,3.0389
2015-05-20,3.0028
2015-05-21,3.0387
2015-05-22,3.0938
2015-05-25,3.0977
2015-05-26,3.1535
2015-05-27,3.1409
2015-05-28,3.1624
2015-05-29,3.1786
2015-06-01,3.1683
2015-06-02,3.1321
2015-06-03,3.1337
2015-06-04,3.1342
2015-06-05,3.1434
2015-06-08,3.112
2015-06-09,3.0968
2015-06-10,3.1173
2015-06-11,3.09
2015-06-12,3.12
2015-06-15,3.1272
2015-06-16,3.0886
2015-06-17,3.0561
2015-06-18,3.0604
2015-06-19,3.0975
2015-06-22,3.0803
2015-06-23,3.0759
2015-06-24,3.0976
2015-06-25,3.1274
2015-06-26,3.1298
2015-06-29,3.1176
2015-06-30,3.1038
2015-07-01,3.1496
2015-07-02,3.0975
2015-07-03,3.1343
2015-07-06,3.1377
2015-07-07,3.1854
2015-07-08,3.2353
2015-07-09,3.2203
2015-07-10,3.1608
2015-07-13,3.1329
2015-07-14,3.1399
2015-07-15,3.1399
2015-07-16,3.1561
2015-07-17,3.1881
2015-07-20,3.1968
2015-07-21,3.1715
2015-07-22,3.2238
2015-07-23,3.2862
2015-07-24,3.3548
2015-07-27,3.3638
2015-07-28,3.357
2015-07-29,3.3309
2015-07-30,3.3714
2015-07-31,3.4213
2015-08-03,3.4512
2015-08-04,3.4711
2015-08-05,3.4852
2015-08-06,3.5354
2015-08-07,3.5072
2015-08-10,3.4376
2015-08-11,3.4743
2015-08-12,3.4808
2015-08-13,3.5192
2015-08-14,3.4834
2015-08-17,3.4811
2015-08-18,3.4682
2015-08-19,3.4921
2015-08-20,3.4587
2015-08-21,3.4993
2015-08-24,3.552
2015-08-25,3.6172
2015-08-26,3.5966
2015-08-27,3.554
2015-08-28,3.5815
2015-08-31,3.6207
2015-09-01,3.6991
2015-09-02,3.761
2015-09-03,3.7402
2015-09-04,3.8436
2015-09-08,3.8202
2015-09-09,3.78
2015-09-10,3.8491
2015-09-11,3.8705
2015-09-14,3.8153
2015-09-15,3.8626
2015-09-16,3.8307
2015-09-17,3.8988
2015-09-18,3.945
2015-09-21,3.9852
2015-09-22,4.051
2015-09-23,4.1781
2015-09-24,3.9372
2015-09-25,3.9784
2015-09-28,4.1086
2015-09-29,4.0637
2015-09-30,3.9479
2015-10-01,4.0095
2015-10-02,3.9322
2015-10-05,3.9116
2015-10-06,3.8512
2015-10-07,3.8864
2015-10-08,3.7841
2015-10-09,3.7653
2015-10-13,3.8937
2015-10-14,3.8119
2015-10-15,3.7997
2015-10-16,3.9242
2015-10-19,3.8857
2015-10-20,3.9073
2015-10-21,3.9414
2015-10-22,3.9088
2015-10-23,3.8812
2015-10-26,3.906
2015-10-27,3.8883
2015-10-28,3.9094
2015-10-29,3.8509
2015-10-30,3.8564
2015-11-03,3.7712
2015-11-04,3.8004
2015-11-05,3.7798
2015-11-06,3.7709
2015-11-09,3.799
2015-11-10,3.751
2015-11-11,3.7639
2015-11-12,3.771
2015-11-13,3.8488
2015-11-16,3.8194
2015-11-17,3.809
2015-11-18,3.7668
2015-11-19,3.7184
2015-11-20,3.7052
2015-11-23,3.733
2015-11-24,3.7
2015-11-25,3.743
2015-11-26,3.743
2015-11-27,3.8458
2015-11-30,3.869
2015-12-01,3.8575
2015-12-02,3.835
2015-12-03,3.7596
2015-12-04,3.7533
2015-12-07,3.7681
2015-12-08,3.7962
2015-12-09,3.7502
2015-12-10,3.8126
2015-12-11,3.8728
2015-12-14,3.8779
2015-12-15,3.873
2015-12-16,3.8848
2015-12-17,3.8796
2015-12-18,3.9825
2015-12-21,4.0134
2015-12-22,3.9899
2015-12-23,3.9419
2015-12-24,3.9455
2015-12-28,3.8586
2015-12-29,3.8655
2015-12-30,3.9611
2015-12-31,3.9608
2016-01-04,4.0402
2016-01-05,4.0077
2016-01-06,4.0244
2016-01-07,4.0455
2016-01-08,4.026
2016-01-11,4.0537
2016-01-12,4.0288
2016-01-13,4.0158
2016-01-14,3.9996
2016-01-15,4.048
2016-01-18,4.0557
2016-01-19,4.0626
2016-01-20,4.0971
2016-01-21,4.1575
2016-01-22,4.0949
2016-01-25,4.0903
2016-01-26,4.0521
2016-01-27,4.1077
2016-01-28,4.0699
2016-01-29,4.0001
2016-02-01,3.9614
2016-02-02,3.988
2016-02-03,3.8955
2016-02-04,3.8882
2016-02-05,3.903
2016-02-10,3.9284
2016-02-11,3.9946
2016-02-12,4.004
2016-02-15,4.0064
2016-02-16,4.0708
2016-02-17,3.9851
2016-02-18,4.0269
2016-02-19,4.0226
2016-02-22,3.9469
2016-02-23,3.9587
2016-02-24,3.9591
2016-02-25,3.956
2016-02-26,3.9954
2016-02-29,4.0171
2016-03-01,3.9275
2016-03-02,3.8932
2016-03-03,3.7992
2016-03-04,3.7583
2016-03-07,3.783
2016-03-08,3.7556
2016-03-09,3.6849
2016-03-10,3.6215
2016-03-11,3.5827
2016-03-14,3.6616
2016-03-15,3.7662
2016-03-16,3.7426
2016-03-17,3.6279
2016-03-18,3.6242
2016-03-21,3.6192
2016-03-22,3.5806
2016-03-23,3.6854
2016-03-24,3.6778
2016-03-25,3.6794
2016-03-28,3.6264
2016-03-29,3.6382
2016-03-30,3.6059
2016-03-31,3.5933
2016-04-01,3.552
2016-04-04,3.6225
2016-04-05,3.681
2016-04-06,3.6434
2016-04-07,3.69
2016-04-08,3.5888
2016-04-11,3.4925
2016-04-12,3.4883
2016-04-13,3.4982
2016-04-14,3.4834
2016-04-15,3.5343
2016-04-18,3.6159
2016-04-19,3.5341
2016-04-20,3.5291
2016-04-21,3.5292
2016-04-22,3.5716
2016-04-25,3.5584
2016-04-26,3.529
2016-04-27,3.5278
2016-04-28,3.489
2016-04-29,3.4349
2016-05-02,3.502
2016-05-03,3.5585
2016-05-04,3.548
2016-05-05,3.5345
2016-05-06,3.5023
2016-05-09,3.5164
2016-05-10,3.4764
2016-05-11,3.4536
2016-05-12,3.4836
2016-05-13,3.534
2016-05-16,3.4997
2016-05-17,3.4889
2016-05-18,3.5682
2016-05-19,3.5648
2016-05-20,3.5207
2016-05-23,3.5725
2016-05-24,3.5715
2016-05-25,3.5831
2016-05-26,3.5838
2016-05-27,3.6075
2016-05-30,3.5708
2016-05-31,3.6113
2016-06-01,3.6013
2016-06-02,3.5945
2016-06-03,3.5279
2016-06-06,3.4898
2016-06-07,3.4403
2016-06-08,3.3624
2016-06-09,3.4007
2016-06-10,3.4194
2016-06-13,3.4815
2016-06-14,3.4817
2016-06-15,3.4744
2016-06-16,3.4665
2016-06-17,3.4159
2016-06-20,3.3947
2016-06-21,3.4121
2016-06-22,3.3776
2016-06-23,3.3371
2016-06-24,3.3765
2016-06-27,3.392
2016-06-28,3.3053
2016-06-29,3.2215
2016-06-30,3.2122
2016-07-01,3.2353
2016-07-04,3.2697
2016-07-05,3.3039
2016-07-06,3.3295
2016-07-07,3.3679
2016-07-08,3.3013
2016-07-11,3.3089
2016-07-12,3.295
2016-07-13,3.2637
2016-07-14,3.2533
2016-07-15,3.2815
2016-07-18,3.2534
2016-07-19,3.2497
2016-07-20,3.2601
2016-07-21,3.2713
2016-07-22,3.2563
2016-07-25,3.286
2016-07-26,3.2759
2016-07-27,3.2618
2016-07-28,3.2916
2016-07-29,3.2492
2016-08-01,3.265
2016-08-02,3.2591
2016-08-03,3.2379
2016-08-04,3.1939
2016-08-05,3.1651
2016-08-08,3.1735
2016-08-09,3.1446
2016-08-10,3.1275
2016-08-11,3.1447
2016-08-12,3.1928
2016-08-15,3.1861
2016-08-16,3.2022
2016-08-17,3.2057
2016-08-18,3.2391
2016-08-19,3.2037
2016-08-22,3.2005
2016-08-23,3.2351
2016-08-24,3.2245
2016-08-25,3.2342
2016-08-26,3.2645
2016-08-29,3.23
2016-08-30,3.2418
2016-08-31,3.2273
2016-09-01,3.2571
2016-09-02,3.2569
2016-09-05,3.2838
2016-09-06,3.1958
2016-09-07,3.2
2016-09-08,3.2158
2016-09-09,3.2745
2016-09-12,3.2478
2016-09-13,3.3137
2016-09-14,3.3451
2016-09-15,3.3035
2016-09-16,3.2627
2016-09-19,3.2722
2016-09-20,3.2589
2016-09-21,3.2058
2016-09-22,3.2209
2016-09-23,3.244
2016-09-26,3.24
2016-09-27,3.234
2016-09-28,3.2172
2016-09-29,3.259
2016-09-30,3.2613
2016-10-03,3.2103
2016-10-04,3.2584
2016-10-05,3.2215
2016-10-06,3.2288
2016-10-07,3.2216
2016-10-10,3.2075
2016-10-11,3.1956
2016-10-12,3.1952
2016-10-13,3.1784
2016-10-14,3.2065
2016-10-17,3.2022
2016-10-18,3.1888
2016-10-19,3.1697
2016-10-20,3.1433
2016-10-21,3.1511
2016-10-24,3.1246
2016-10-25,3.1151
2016-10-26,3.1409
2016-10-27,3.1701
2016-10-28,3.2065
2016-10-31,3.1893
2016-11-01,3.237
2016-11-02,3.2368
2016-11-03,3.2425
2016-11-04,3.2337
2016-11-07,3.202
2016-11-08,3.1699
2016-11-09,3.2172
2016-11-10,3.3864
2016-11-11,3.3915
2016-11-14,3.4345
2016-11-16,3.4201
2016-11-17,3.4193
2016-11-18,3.3832
2016-11-21,3.3526
2016-11-22,3.355
2016-11-23,3.3945
2016-11-24,3.3915
2016-11-25,3.422
2016-11-28,3.3859
2016-11-29,3.399
2016-11-30,3.3842
2016-12-01,3.4718
2016-12-02,3.4762
2016-12-05,3.4227
2016-12-06,3.408
2016-12-07,3.3827
2016-12-08,3.3753
2016-12-09,3.3801
2016-12-12,3.3397
2016-12-13,3.3356
2016-12-14,3.3708
2016-12-15,3.3699
2016-12-16,3.3919
2016-12-19,3.3652
2016-12-20,3.3546
2016-12-21,3.3274
2016-12-22,3.2874
2016-12-23,3.272
2016-12-26,3.2825
2016-12-27,3.2713
2016-12-28,3.2831
2016-12-29,3.2545
2016-12-30,3.255
2017-01-02,3.2656
2017-01-03,3.2652
2017-01-04,3.2161
2017-01-05,3.199
2017-01-06,3.2242
2017-01-09,3.1967
2017-01-10,3.1958
2017-01-11,3.1973
2017-01-12,3.1878
2017-01-13,3.2214
2017-01-16,3.2417
2017-01-17,3.2114
2017-01-18,3.2308
2017-01-19,3.1965
2017-01-20,3.1714
2017-01-23,3.1635
2017-01-24,3.1704
2017-01-25,3.1703
2017-01-26,3.1779
2017-01-27,3.141
2017-01-30,3.1278
2017-01-31,3.1508
2017-02-01,3.1295
2017-02-02,3.1235
2017-02-03,3.1174
2017-02-06,3.116
2017-02-07,3.1204
2017-02-08,3.1176
2017-02-09,3.1302
2017-02-10,3.116
2017-02-13,3.11
2017-02-14,3.085
2017-02-15,3.0595
2017-02-16,3.089
2017-02-17,3.1049
2017-02-20,3.087
2017-02-21,3.0956
2017-02-22,3.064
2017-02-23,3.0594
2017-02-24,3.111
2017-03-01,3.09
2017-03-02,3.1565
2017-03-03,3.1161
2017-03-06,3.1386
2017-03-07,3.1195
2017-03-08,3.163
2017-03-09,3.1932
2017-03-10,3.1396
2017-03-13,3.1527
2017-03-14,3.1683
2017-03-15,3.105
2017-03-16,3.1188
2017-03-17,3.0911
2017-03-20,3.0723
2017-03-21,3.088
2017-03-22,3.0867
2017-03-23,3.1403
2017-03-24,3.1089
2017-03-27,3.1265
2017-03-28,3.1409
2017-03-29,3.1202
2017-03-30,3.1502
2017-03-31,3.1219
2017-04-03,3.1139
2017-04-04,3.0925
2017-04-05,3.1209
2017-04-06,3.1435
2017-04-07,3.1466
2017-04-10,3.1317
2017-04-11,3.1372
2017-04-12,3.1258
2017-04-13,3.1462
2017-04-14,3.1437
2017-04-17,3.0991
2017-04-18,3.1072
2017-04-19,3.1516
2017-04-20,3.1478
2017-04-21,3.148
2017-04-24,3.1282
2017-04-25,3.1468
2017-04-26,3.1739
2017-04-27,3.184
2017-04-28,3.1767
2017-05-02,3.1515
2017-05-03,3.1664
2017-05-04,3.1882
2017-05-05,3.1767
2017-05-08,3.1985
2017-05-09,3.1909
2017-05-10,3.1681
2017-05-11,3.1404
2017-05-12,3.1228
2017-05-15,3.1116
2017-05-16,3.0965
2017-05-17,3.1394
2017-05-18,3.3685
2017-05-19,3.2534
2017-05-22,3.2664
2017-05-23,3.2702
2017-05-24,3.2758
2017-05-25,3.274
2017-05-26,3.2601
2017-05-29,3.2571
2017-05-30,3.2582
2017-05-31,3.227
2017-06-01,3.2503
2017-06-02,3.2452
2017-06-05,3.2964
2017-06-06,3.2779
2017-06-07,3.2697
2017-06-08,3.2614
2017-06-09,3.2969
2017-06-12,3.3181
2017-06-13,3.3155
2017-06-14,3.2746
2017-06-15,3.274
2017-06-16,3.2935
2017-06-19,3.2828
2017-06-20,3.3278
2017-06-21,3.3361
2017-06-22,3.3425
2017-06-23,3.3424
2017-06-26,3.2968
2017-06-27,3.3148
2017-06-28,3.2805
2017-06-29,3.3043
2017-06-30,3.3073
2017-07-03,3.3014
2017-07-04,3.3103
2017-07-05,3.2884
2017-07-06,3.2984
2017-07-07,3.2801
2017-07-10,3.2561
2017-07-11,3.2553
2017-07-12,3.2075
2017-07-13,3.212
2017-07-14,3.1795
2017-07-17,3.1824
2017-07-18,3.1562
2017-07-19,3.1492
2017-07-20,3.1205
2017-07-21,3.143
2017-07-24,3.147
2017-07-25,3.1726
2017-07-26,3.138
2017-07-27,3.1502
2017-07-28,3.1317
2017-07-31,3.1266
2017-08-01,3.1258
2017-08-02,3.1132
2017-08-03,3.1146
2017-08-04,3.1319
2017-08-07,3.1268
2017-08-08,3.1266
2017-08-09,3.1557
2017-08-10,3.1759
2017-08-11,3.1937
2017-08-14,3.189
2017-08-15,3.1704
2017-08-16,3.1525
2017-08-17,3.1753
2017-08-18,3.147
2017-08-21,3.1648
2017-08-22,3.1623
2017-08-23,3.1416
2017-08-24,3.1482
2017-08-25,3.1598
2017-08-28,3.1675
2017-08-29,3.1646
2017-08-30,3.16
2017-08-31,3.1487
2017-09-01,3.1403
2017-09-04,3.139
2017-09-05,3.1172
2017-09-06,3.0998
2017-09-07,3.0999
2017-09-08,3.0872
2017-09-11,3.1035
2017-09-12,3.1263
2017-09-13,3.1352
2017-09-14,3.1197
2017-09-15,3.1104
2017-09-18,3.1362
2017-09-19,3.1357
2017-09-20,3.1339
2017-09-21,3.1371
2017-09-22,3.125
2017-09-25,3.1596
2017-09-26,3.1666
2017-09-27,3.1925
2017-09-28,3.1828
2017-09-29,3.1631
2017-10-02,3.1547
2017-10-03,3.1457
2017-10-04,3.1353
2017-10-05,3.1539
2017-10-06,3.1552
2017-10-09,3.1885
2017-10-10,3.18
2017-10-11,3.1706
2017-10-12,3.1717
2017-10-13,3.1453
2017-10-16,3.1705
2017-10-17,3.1581
2017-10-18,3.1711
2017-10-19,3.171
2017-10-20,3.194
2017-10-23,3.2375
2017-10-24,3.247
2017-10-25,3.2355
2017-10-26,3.281
2017-10-27,3.2515
2017-10-30,3.289
2017-10-31,3.2727
2017-11-01,3.2666
2017-11-03,3.305
2017-11-06,3.2493
2017-11-07,3.2714
2017-11-08,3.2545
2017-11-09,3.2521
2017-11-10,3.2779
2017-11-13,3.2769
2017-11-14,3.316
2017-11-16,3.274
2017-11-17,3.2578
2017-11-20,3.2584
2017-11-21,3.2588
2017-11-22,3.2243
2017-11-23,3.2218
2017-11-24,3.2326
2017-11-27,3.2225
2017-11-28,3.2126
2017-11-29,3.2466
2017-11-30,3.2728
2017-12-01,3.2575
2017-12-04,3.2442
2017-12-05,3.2414
2017-12-06,3.2357
2017-12-07,3.2906
2017-12-08,3.2918
2017-12-11,3.3035
2017-12-12,3.3065
2017-12-13,3.31
2017-12-14,3.3419
2017-12-15,3.2951
2017-12-18,3.2923
2017-12-19,3.29
2017-12-20,3.2915
2017-12-21,3.3093
2017-12-22,3.337
2017-12-26,3.312
2017-12-27,3.315
2017-12-28,3.3125
2017-12-29,3.3123
2018-01-02,3.2591
2018-01-03,3.2369
2018-01-04,3.2346
2018-01-05,3.2292
2018-01-08,3.237
2018-01-09,3.2482
2018-01-10,3.2282
2018-01-11,3.2154
2018-01-12,3.2056
2018-01-15,3.2163
2018-01-16,3.2243
2018-01-17,3.2239
2018-01-18,3.2064
2018-01-19,3.196
2018-01-22,3.2021
2018-01-23,3.2371
2018-01-24,3.1465
2018-01-25,3.1486
2018-01-26,3.1511
2018-01-29,3.1554
2018-01-30,3.1815
2018-01-31,3.1865
2018-02-01,3.1672
2018-02-02,3.2182
2018-02-05,3.2626
2018-02-06,3.2475
2018-02-07,3.2705
2018-02-08,3.2858
2018-02-09,3.314
2018-02-14,3.2171
2018-02-15,3.228
2018-02-16,3.2303
2018-02-19,3.2345
2018-02-20,3.25
2018-02-21,3.2692
2018-02-22,3.2515
2018-02-23,3.239
2018-02-26,3.2258
2018-02-27,3.245
2018-02-28,3.24
2018-03-01,3.2515
2018-03-02,3.2528
2018-03-05,3.2429
2018-03-06,3.211
2018-03-07,3.2454
2018-03-08,3.2665
2018-03-09,3.255
2018-03-12,3.2615
2018-03-13,3.2609
2018-03-14,3.2604
2018-03-15,3.2853
2018-03-16,3.2796
2018-03-19,3.2874
2018-03-20,3.3114
2018-03-21,3.2738
2018-03-22,3.3157
2018-03-23,3.3126
2018-03-26,3.3142
2018-03-27,3.3257
2018-03-28,3.3216
2018-03-29,3.3062
2018-03-30,3.3065
2018-04-02,3.3132
2018-04-03,3.3412
2018-04-04,3.3299
2018-04-05,3.345
2018-04-06,3.3689
2018-04-09,3.4216
2018-04-10,3.4105
2018-04-11,3.3745
2018-04-12,3.4133
2018-04-13,3.4228
2018-04-16,3.4195
2018-04-17,3.4076
2018-04-18,3.3802
2018-04-19,3.3842
2018-04-20,3.4124
2018-04-23,3.4524
2018-04-24,3.4729
2018-04-25,3.4845
2018-04-26,3.4754
2018-04-27,3.4576
2018-04-30,3.5042
2018-05-01,3.5072
2018-05-02,3.5505
2018-05-03,3.5264
2018-05-04,3.5297
2018-05-07,3.5505
2018-05-08,3.562
2018-05-09,3.5924
2018-05-10,3.5496
2018-05-11,3.6001
2018-05-14,3.6233
2018-05-15,3.6552
2018-05-16,3.6757
2018-05-17,3.698
2018-05-18,3.7367
2018-05-21,3.6777
2018-05-22,3.6479
2018-05-23,3.6285
2018-05-24,3.6473
2018-05-25,3.6541
2018-05-28,3.7353
2018-05-29,3.7257
2018-05-30,3.724
2018-05-31,3.729
2018-06-01,3.7644
2018-06-04,3.7453
2018-06-05,3.8088
2018-06-06,3.8527
2018-06-07,3.908
2018-06-08,3.7083
2018-06-11,3.7117
2018-06-12,3.7194
2018-06-13,3.72
2018-06-14,3.8059
2018-06-15,3.7295
2018-06-18,3.7461
2018-06-19,3.7467
2018-06-20,3.7724
2018-06-21,3.7691
2018-06-22,3.7822
2018-06-25,3.775
2018-06-26,3.8024
2018-06-27,3.8624
2018-06-28,3.8606
2018-06-29,3.8762
2018-07-02,3.9105
2018-07-03,3.8974
2018-07-04,3.9133
2018-07-05,3.9313
2018-07-06,3.8616
2018-07-09,3.8725
2018-07-10,3.8144
2018-07-11,3.8766
2018-07-12,3.8822
2018-07-13,3.8514
2018-07-16,3.8605
2018-07-17,3.8387
2018-07-18,3.8492
2018-07-19,3.8315
2018-07-20,3.769
2018-07-23,3.7831
2018-07-24,3.7489
2018-07-25,3.6901
2018-07-26,3.7477
2018-07-27,3.7108
2018-07-30,3.7296
2018-07-31,3.7582
2018-08-01,3.7507
2018-08-02,3.7496
2018-08-03,3.707
2018-08-06,3.7365
2018-08-07,3.7521
2018-08-08,3.7725
2018-08-09,3.8001
2018-08-10,3.8642
2018-08-13,3.888
2018-08-14,3.8677
2018-08-15,3.9049
2018-08-16,3.907
2018-08-17,3.9089
2018-08-20,3.9696
2018-08-21,4.0492
2018-08-22,4.0429
2018-08-23,4.1135
2018-08-24,4.1036
2018-08-27,4.0814
2018-08-28,4.1374
2018-08-29,4.1045
2018-08-30,4.1492
2018-08-31,4.0533
2018-09-03,4.1582
2018-09-04,4.1599
2018-09-05,4.146
2018-09-06,4.0589
2018-09-07,4.0593
2018-09-10,4.087
2018-09-11,4.1533
2018-09-12,4.1589
2018-09-13,4.2073
2018-09-14,4.1747
2018-09-17,4.1337
2018-09-18,4.1632
2018-09-19,4.129
2018-09-20,4.0773
2018-09-21,4.0493
2018-09-24,4.0903
2018-09-25,4.0756
2018-09-26,4.0338
2018-09-27,4.0124
2018-09-28,4.0503
2018-10-01,4.0203
2018-10-02,3.9403
2018-10-03,3.9039
2018-10-04,3.8745
2018-10-05,3.8381
2018-10-08,3.7795
2018-10-09,3.7135
2018-10-10,3.7561
2018-10-11,3.7804
2018-10-12,3.7833
2018-10-15,3.7365
2018-10-16,3.7247
2018-10-17,3.688
2018-10-18,3.7217
2018-10-19,3.7149
2018-10-22,3.6872
2018-10-23,3.6945
2018-10-24,3.7345
2018-10-25,3.7052
2018-10-26,3.6423
2018-10-29,3.7203
2018-10-30,3.6973
2018-10-31,3.7225
2018-11-01,3.7018
2018-11-02,3.697
2018-11-05,3.7255
2018-11-06,3.7615
2018-11-07,3.7323
2018-11-08,3.7603
2018-11-09,3.7336
2018-11-12,3.7685
2018-11-13,3.8035
2018-11-14,3.7847
2018-11-15,3.7835
2018-11-16,3.7436
2018-11-19,3.757
2018-11-20,3.7645
2018-11-21,3.7985
2018-11-22,3.8041
2018-11-23,3.8295
2018-11-26,3.941
2018-11-27,3.8732
2018-11-28,3.846
2018-11-29,3.8525
2018-11-30,3.8667
2018-12-03,3.8423
2018-12-04,3.8526
2018-12-05,3.869
2018-12-06,3.8795
2018-12-07,3.9074
2018-12-10,3.917
2018-12-11,3.9037
2018-12-12,3.8556
2018-12-13,3.8909
2018-12-14,3.9183
2018-12-17,3.8994
2018-12-18,3.9125
2018-12-19,3.8976
2018-12-20,3.842
2018-12-21,3.9041
2018-12-24,3.9041
2018-12-25,3.9043
2018-12-26,3.9221
2018-12-27,3.8733
2018-12-28,3.8814
2018-12-31,3.8814
2019-01-01,3.8814
2019-01-02,3.7897
2019-01-03,3.7563
2019-01-04,3.7153
2019-01-07,3.7355
2019-01-08,3.7133
2019-01-09,3.6808
2019-01-10,3.7105
2019-01-11,3.7114
2019-01-14,3.7008
2019-01-15,3.7173
2019-01-16,3.7365
2019-01-17,3.7513
2019-01-18,3.7548
2019-01-21,3.7553
2019-01-22,3.806
2019-01-23,3.771
2019-01-24,3.7735
2019-01-25,3.7744
2019-01-28,3.7622
2019-01-29,3.7203
2019-01-30,3.685
2019-01-31,3.6441
2019-02-01,3.6594
2019-02-04,3.6688
2019-02-05,3.67
2019-02-06,3.6983
2019-02-07,3.7187
2019-02-08,3.7301
2019-02-11,3.7575
2019-02-12,3.7099
2019-02-13,3.7545
2019-02-14,3.7243
2019-02-15,3.7028
2019-02-18,3.7346
2019-02-19,3.7251
2019-02-20,3.7276
2019-02-21,3.7712
2019-02-22,3.7495
2019-02-25,3.7517
2019-02-26,3.7487
2019-02-27,3.7285
2019-02-28,3.7565
2019-03-01,3.777
2019-03-04,3.7756
2019-03-05,3.7756
2019-03-06,3.8398
2019-03-07,3.8705
2019-03-08,3.8687
2019-03-11,3.8413
2019-03-12,3.8114
2019-03-13,3.8173
2019-03-14,3.8447
2019-03-15,3.8141
2019-03-18,3.7923
2019-03-19,3.7893
2019-03-20,3.7767
2019-03-21,3.7949
2019-03-22,3.9063
2019-03-25,3.8499
2019-03-26,3.8754
2019-03-27,3.9937
2019-03-28,3.9008
2019-03-29,3.9219
2019-04-01,3.8511
2019-04-02,3.8538
2019-04-03,3.8718
2019-04-04,3.86
2019-04-05,3.8733
2019-04-08,3.8512
2019-04-09,3.8505
2019-04-10,3.8252
2019-04-11,3.8599
2019-04-12,3.8822
2019-04-15,3.8735
2019-04-16,3.9049
2019-04-17,3.9374
2019-04-18,3.929
2019-04-19,3.936
2019-04-22,3.936
2019-04-23,3.922
2019-04-24,3.9914
2019-04-25,3.9501
2019-04-26,3.9333
2019-04-29,3.9428
2019-04-30,3.9197
2019-05-01,3.9206
2019-05-02,3.9674
2019-05-03,3.9395
2019-05-06,3.9695
2019-05-07,3.9706
2019-05-08,3.9286
2019-05-09,3.9469
2019-05-10,3.9531
2019-05-13,3.9941
2019-05-14,3.9756
2019-05-15,4.002
2019-05-16,4.0451
2019-05-17,4.0994
2019-05-20,4.0971
2019-05-21,4.0391
2019-05-22,4.0399
2019-05-23,4.0418
2019-05-24,4.0225
2019-05-27,4.042
2019-05-28,4.0257
2019-05-29,3.9729
2019-05-30,3.9819
2019-05-31,3.923
2019-06-03,3.8863
2019-06-04,3.8571
2019-06-05,3.8809
2019-06-06,3.8814
2019-06-07,3.8796
2019-06-10,3.8885
2019-06-11,3.8576
2019-06-12,3.8673
2019-06-13,3.849
2019-06-14,3.8972
2019-06-17,3.8878
2019-06-18,3.8604
2019-06-19,3.8394
2019-06-20,3.8391
2019-06-21,3.8214
2019-06-24,3.8247
2019-06-25,3.8485
2019-06-26,3.844
2019-06-27,3.8206
2019-06-28,3.8503
2019-07-01,3.8409
2019-07-02,3.8484
2019-07-03,3.8288
2019-07-04,3.8018
2019-07-05,3.8218
2019-07-08,3.808
2019-07-09,3.8006
2019-07-10,3.7548
2019-07-11,3.7552
2019-07-12,3.7374
2019-07-15,3.7577
2019-07-16,3.7693
2019-07-17,3.7649
2019-07-18,3.7194
2019-07-19,3.7486
2019-07-22,3.7402
2019-07-23,3.7745
2019-07-24,3.7735
2019-07-25,3.7798
2019-07-26,3.7779
2019-07-29,3.7818
2019-07-30,3.7907
2019-07-31,3.8153
2019-08-01,3.8404
2019-08-02,3.8897
2019-08-05,3.9776
2019-08-06,3.9619
2019-08-07,3.9702
2019-08-08,3.9198
2019-08-09,3.9416
2019-08-12,3.9849
2019-08-13,3.9669
2019-08-14,4.0514
2019-08-15,3.9918
2019-08-16,4.0065
2019-08-19,4.0746
2019-08-20,4.0555
2019-08-21,4.0264
2019-08-22,4.0706
2019-08-23,4.1225
2019-08-26,4.1568
2019-08-27,4.1306
2019-08-28,4.1676
2019-08-29,4.1708
2019-08-30,4.1448
2019-09-02,4.188
2019-09-03,4.1667
2019-09-04,4.0947
2019-09-05,4.1104
2019-09-06,4.0606
2019-09-09,4.0953
2019-09-10,4.081
2019-09-11,4.0673
2019-09-12,4.0611
2019-09-13,4.0877
2019-09-16,4.0809
2019-09-17,4.0775
2019-09-18,4.1104
2019-09-19,4.1672
2019-09-20,4.1483
2019-09-23,4.1648
2019-09-24,4.1652
2019-09-25,4.1483
2019-09-26,4.1691
2019-09-27,4.1582
2019-09-30,4.1569
2019-10-01,4.1584
2019-10-02,4.13
2019-10-03,4.0819
2019-10-04,4.0564
2019-10-07,4.1082
2019-10-08,4.0959
2019-10-09,4.1096
2019-10-10,4.1086
2019-10-11,4.1089
2019-10-14,4.1261
2019-10-15,4.1803
2019-10-16,4.1554
2019-10-17,4.1665
2019-10-18,4.1128
2019-10-21,4.1289
2019-10-22,4.0843
2019-10-23,4.0374
2019-10-24,4.0421
2019-10-25,4.0042
2019-10-28,3.9923
2019-10-29,3.9989
2019-10-30,3.9922
2019-10-31,4.0177
2019-11-01,3.991
2019-11-04,4.0156
2019-11-05,3.994
2019-11-06,4.0836
2019-11-07,4.1008
2019-11-08,4.1635
2019-11-11,4.1519
2019-11-12,4.1679
2019-11-13,4.1706
2019-11-14,4.1952
2019-11-15,4.1962
2019-11-18,4.2179
2019-11-19,4.1945
2019-11-20,4.1965
2019-11-21,4.1933
2019-11-22,4.1965
2019-11-25,4.2271
2019-11-26,4.2335
2019-11-27,4.2638
2019-11-28,4.1903
2019-11-29,4.2377
2019-12-02,4.2234
2019-12-03,4.2065
2019-12-04,4.208
2019-12-05,4.186
2019-12-06,4.1414
2019-12-09,4.1426
2019-12-10,4.147
2019-12-11,4.1241
2019-12-12,4.0909
2019-12-13,4.1083
2019-12-16,4.0633
2019-12-17,4.0717
2019-12-18,4.0634
2019-12-19,4.0697
2019-12-20,4.1021
2019-12-23,4.0836
2019-12-24,4.0843
2019-12-25,4.07
2019-12-26,4.0567
2019-12-27,4.046
2019-12-30,4.0195
2019-12-31,4.0198
2020-01-01,4.0197
2020-01-02,4.0263
2020-01-03,4.0669
2020-01-06,4.0618
2020-01-07,4.0679
2020-01-08,4.0648
2020-01-09,4.0925
2020-01-10,4.096
2020-01-13,4.1468
2020-01-14,4.1329
2020-01-15,4.1755
2020-01-16,4.185
2020-01-17,4.1619
2020-01-20,4.1904
2020-01-21,4.2125
2020-01-22,4.1827
2020-01-23,4.1706
2020-01-24,4.1816
2020-01-27,4.2079
2020-01-28,4.1944
2020-01-29,4.2309
2020-01-30,4.2434
2020-01-31,4.2825
2020-02-03,4.248
2020-02-04,4.2547
2020-02-05,4.2356
2020-02-06,4.2826
2020-02-07,4.3206
2020-02-10,4.3251
2020-02-11,4.3318
2020-02-12,4.3553
2020-02-13,4.3503
2020-02-14,4.2976
2020-02-17,4.3275
2020-02-18,4.3559
2020-02-19,4.3654
2020-02-20,4.3937
2020-02-21,4.3893
2020-02-24,4.3884
2020-02-25,4.3885
2020-02-26,4.4504
2020-02-27,4.4864
2020-02-28,4.4726
2020-03-02,4.4746
2020-03-03,4.5147
2020-03-04,4.5852
2020-03-05,4.6077
2020-03-06,4.6273
2020-03-09,4.7219
2020-03-10,4.6407
2020-03-11,4.8258
2020-03-12,4.7903
2020-03-13,4.8324
2020-03-16,5.0008
2020-03-17,5.009
2020-03-18,5.1071
2020-03-19,5.095
2020-03-20,5.0643
2020-03-23,5.1409
2020-03-24,5.097
2020-03-25,5.0352
2020-03-26,5.0247
2020-03-27,5.1009
2020-03-30,5.1947
2020-03-31,5.2059
2020-04-01,5.2494
2020-04-02,5.2547
2020-04-03,5.3532
2020-04-06,5.2846
2020-04-07,5.2249
2020-04-08,5.1225
2020-04-09,5.11
2020-04-10,5.1073
2020-04-13,5.1998
2020-04-14,5.1625
2020-04-15,5.2388
2020-04-16,5.2373
2020-04-17,5.2341
2020-04-20,5.3171
2020-04-21,5.317
2020-04-22,5.4576
2020-04-23,5.5365
2020-04-24,5.582
2020-04-27,5.6553
2020-04-28,5.499
2020-04-29,5.3379
2020-04-30,5.4886
2020-05-01,5.4873
2020-05-04,5.5449
2020-05-05,5.579
2020-05-06,5.7149
2020-05-07,5.8354
2020-05-08,5.7368
2020-05-11,5.8192
2020-05-12,5.8858
2020-05-13,5.8868
2020-05-14,5.8136
2020-05-15,5.856
2020-05-18,5.7166
2020-05-19,5.7584
2020-05-20,5.6933
2020-05-21,5.5517
2020-05-22,5.5334
2020-05-25,5.4447
2020-05-26,5.3507
2020-05-27,5.2755
2020-05-28,5.4102
2020-05-29,5.3363
2020-06-01,5.3678
2020-06-02,5.2027
2020-06-03,5.0636
2020-06-04,5.1188
2020-06-05,4.9629
2020-06-08,4.8191
2020-06-09,4.901
2020-06-10,4.9737
2020-06-11,4.9765
2020-06-12,5.0481
2020-06-15,5.156
2020-06-16,5.2433
2020-06-17,5.2299
2020-06-18,5.3795
2020-06-19,5.312
2020-06-22,5.2535
2020-06-23,5.1537
2020-06-24,5.3465
2020-06-25,5.3646
2020-06-26,5.486
2020-06-29,5.4035
2020-06-30,5.4659
2020-07-01,5.3176
2020-07-02,5.3622
2020-07-03,5.3148
2020-07-06,5.3567
2020-07-07,5.3776
2020-07-08,5.3368
2020-07-09,5.3434
2020-07-10,5.3246
2020-07-13,5.4044
2020-07-14,5.368
2020-07-15,5.3756
2020-07-16,5.3318
2020-07-17,5.3863
2020-07-20,5.3314
2020-07-21,5.1734
2020-07-22,5.1178
2020-07-23,5.2134
2020-07-24,5.2314
2020-07-27,5.1495
2020-07-28,5.1502
2020-07-29,5.1706
2020-07-30,5.1545
2020-07-31,5.2234
2020-08-03,5.3245
2020-08-04,5.2841
2020-08-05,5.2923
2020-08-06,5.3319
2020-08-07,5.4389
2020-08-10,5.4809
2020-08-11,5.3806
2020-08-12,5.4328
2020-08-13,5.3689
2020-08-14,5.4243
2020-08-17,5.5101
2020-08-18,5.4676
2020-08-19,5.5571
2020-08-20,5.5575
2020-08-21,5.6236
2020-08-24,5.6118
2020-08-25,5.5095
2020-08-26,5.6123
2020-08-27,5.5689
2020-08-28,5.3894
2020-08-31,5.4936
2020-09-01,5.3993
2020-09-02,5.3423
2020-09-03,5.2925
2020-09-04,5.3006
2020-09-07,5.3007
2020-09-08,5.3615
2020-09-09,5.3084
2020-09-10,5.3194
2020-09-11,5.3196
2020-09-14,5.2709
2020-09-15,5.2772
2020-09-16,5.2379
2020-09-17,5.2394
2020-09-18,5.3885
2020-09-21,5.4142
2020-09-22,5.4715
2020-09-23,5.5952
2020-09-24,5.5107
2020-09-25,5.5625
2020-09-28,5.6619
2020-09-29,5.6302
2020-09-30,5.6098
2020-10-01,5.6441
2020-10-02,5.6871
2020-10-05,5.5744
2020-10-06,5.5935
2020-10-07,5.6123
2020-10-08,5.5994
2020-10-09,5.5327
2020-10-12,5.5309
2020-10-13,5.5712
2020-10-14,5.5922
2020-10-15,5.6143
2020-10-16,5.6461
2020-10-19,5.6084
2020-10-20,5.6058
2020-10-21,5.606
2020-10-22,5.5929
2020-10-23,5.6193
2020-10-26,5.6239
2020-10-27,5.7069
2020-10-28,5.7513
2020-10-29,5.7789
2020-10-30,5.7446
2020-11-02,5.7434
2020-11-03,5.7563
2020-11-04,5.664
2020-11-05,5.5255
2020-11-06,5.365
2020-11-09,5.3861
2020-11-10,5.4146
2020-11-11,5.3915
2020-11-12,5.4583
2020-11-13,5.4585
2020-11-16,5.4154
2020-11-17,5.3284
2020-11-18,5.3633
2020-11-19,5.3057
2020-11-20,5.3802
2020-11-23,5.4393
2020-11-24,5.374
2020-11-25,5.3242
2020-11-26,5.3368
2020-11-27,5.3441
2020-11-30,5.3324
2020-12-01,5.2065
2020-12-02,5.2178
2020-12-03,5.1522
2020-12-04,5.1563
2020-12-07,5.0996
2020-12-08,5.1206
2020-12-09,5.171
2020-12-10,5.0259
2020-12-11,5.0661
2020-12-14,5.1191
2020-12-15,5.0846
2020-12-16,5.0842
2020-12-17,5.0585
2020-12-18,5.1026
2020-12-21,5.1226
2020-12-22,5.1587
2020-12-23,5.2168
2020-12-24,5.2168
2020-12-28,5.247
2020-12-29,5.2103
2020-12-30,5.194
2020-12-31,5.1938
2021-01-04,5.2972
2021-01-05,5.2856
2021-01-06,5.3144
2021-01-07,5.4102
2021-01-08,5.4177
2021-01-11,5.4893
2021-01-12,5.3229
2021-01-13,5.2993
2021-01-14,5.1971
2021-01-15,5.293
2021-01-18,5.2962
2021-01-19,5.3581
2021-01-20,5.2921
2021-01-21,5.3511
2021-01-22,5.467
2021-01-25,5.4674
2021-01-26,5.3556
2021-01-27,5.414
2021-01-28,5.4414
2021-01-29,5.463
2021-02-01,5.4326
2021-02-02,5.3683
2021-02-03,5.3537
2021-02-04,5.427
2021-02-05,5.3707
2021-02-08,5.366
2021-02-09,5.3785
2021-02-10,5.3862
2021-02-11,5.3668
2021-02-12,5.37
2021-02-17,5.4124
2021-02-18,5.4273
2021-02-19,5.3825
2021-02-22,5.4665
2021-02-23,5.4411
2021-02-24,5.4099
2021-02-25,5.5311
2021-02-26,5.5989
2021-03-01,5.6421
2021-03-02,5.6765
2021-03-03,5.6196
2021-03-04,5.6697
2021-03-05,5.6907
2021-03-08,5.8758
2021-03-09,5.8028
2021-03-10,5.6723
2021-03-11,5.5362
2021-03-12,5.5522
2021-03-15,5.6172
2021-03-16,5.6256
2021-03-17,5.5872
2021-03-18,5.5626
2021-03-19,5.4911
2021-03-22,5.5074
2021-03-23,5.5207
2021-03-24,5.6226
2021-03-25,5.6452
2021-03-26,5.7556
2021-03-29,5.7814
2021-03-30,5.7751
2021-03-31,5.6348
2021-04-01,5.7095
2021-04-02,5.709
2021-04-05,5.6663
2021-04-06,5.5929
2021-04-07,5.6167
2021-04-08,5.5716
2021-04-09,5.6817
2021-04-12,5.7355
2021-04-13,5.7173
2021-04-14,5.6526
2021-04-15,5.6152
2021-04-16,5.5881
2021-04-19,5.5494
2021-04-20,5.5675
2021-04-21,5.5693
2021-04-22,5.4461
2021-04-23,5.476
2021-04-26,5.4372
2021-04-27,5.4526
2021-04-28,5.3442
2021-04-29,5.3379
2021-04-30,5.4381
2021-05-03,5.4423
2021-05-04,5.4432
2021-05-05,5.3555
2021-05-06,5.2751
2021-05-07,5.2376
2021-05-10,5.2278
2021-05-11,5.2213
2021-05-12,5.3071
2021-05-13,5.3108
2021-05-14,5.2735
2021-05-17,5.2747
2021-05-18,5.2617
2021-05-19,5.3097
2021-05-20,5.2851
2021-05-21,5.3707
2021-05-24,5.3187
2021-05-25,5.3316
2021-05-26,5.3118
2021-05-27,5.2378
2021-05-28,5.2253
2021-05-31,5.2185
2021-06-01,5.1516
2021-06-02,5.0762
2021-06-03,5.0756
2021-06-04,5.0493
2021-06-07,5.0458
2021-06-08,5.0342
2021-06-09,5.0627
2021-06-10,5.057
2021-06-11,5.1185
2021-06-14,5.0622
2021-06-15,5.0457
2021-06-16,5.0547
2021-06-17,5.008
2021-06-18,5.0892
2021-06-21,5.0148
2021-06-22,4.9601
2021-06-23,4.9675
2021-06-24,4.9145
2021-06-25,4.9336
2021-06-28,4.9259
2021-06-29,4.9571
2021-06-30,4.9681
2021-07-01,5.0488
2021-07-02,5.0605
2021-07-05,5.0949
2021-07-06,5.2023
2021-07-07,5.2322
2021-07-08,5.2604
2021-07-09,5.2598
2021-07-12,5.173
2021-07-13,5.1631
2021-07-14,5.0713
2021-07-15,5.1119
2021-07-16,5.1169
2021-07-19,5.2519
2021-07-20,5.2213
2021-07-21,5.1881
2021-07-22,5.202
2021-07-23,5.1997
2021-07-26,5.1764
2021-07-27,5.1716
2021-07-28,5.1165
2021-07-29,5.0819
2021-07-30,5.2124
2021-08-02,5.1714
2021-08-03,5.1968
2021-08-04,5.1687
2021-08-05,5.2496
2021-08-06,5.2332
2021-08-09,5.2352
2021-08-10,5.1902
2021-08-11,5.2214
2021-08-12,5.2529
2021-08-13,5.2471
2021-08-16,5.2609
2021-08-17,5.2955
2021-08-18,5.386
2021-08-19,5.4152
2021-08-20,5.3795
2021-08-23,5.3813
2021-08-24,5.2462
2021-08-25,5.2128
2021-08-26,5.2573
2021-08-27,5.2012
2021-08-30,5.1853
2021-08-31,5.1531
2021-09-01,5.1864
2021-09-02,5.1837
2021-09-03,5.1912
2021-09-06,5.1704
2021-09-07,5.1705
2021-09-08,5.3221
2021-09-09,5.2048
2021-09-10,5.2471
2021-09-13,5.2153
2021-09-14,5.2384
2021-09-15,5.223
2021-09-16,5.257
2021-09-17,5.2895
2021-09-20,5.3244
2021-09-21,5.271
2021-09-22,5.2901
2021-09-23,5.304
2021-09-24,5.335
2021-09-27,5.391
2021-09-28,5.4295
2021-09-29,5.4145
2021-09-30,5.4427
2021-10-01,5.3644
2021-10-04,5.4547
2021-10-05,5.4763
2021-10-06,5.4918
2021-10-07,5.5185
2021-10-08,5.5085
2021-10-11,5.5378
2021-10-12,5.5387
2021-10-13,5.5157
2021-10-14,5.5136
2021-10-15,5.4618
2021-10-18,5.5125
2021-10-19,5.5825
2021-10-20,5.598
2021-10-21,5.6588
2021-10-22,5.6483
2021-10-25,5.5577
2021-10-26,5.5664
2021-10-27,5.5385
2021-10-28,5.6463
2021-10-29,5.6357
2021-11-01,5.6844
2021-11-02,5.6825
2021-11-03,5.5535
2021-11-04,5.6034
2021-11-05,5.5413
2021-11-08,5.5445
2021-11-09,5.4809
2021-11-10,5.4915
2021-11-11,5.3991
2021-11-12,5.4592
2021-11-16,5.5033
2021-11-17,5.5298
2021-11-18,5.5582
2021-11-19,5.6137
2021-11-22,5.587
2021-11-23,5.5717
2021-11-24,5.6066
2021-11-25,5.5668
2021-11-26,5.6098
2021-11-29,5.6022
2021-11-30,5.6242
2021-12-01,5.6958
2021-12-02,5.6467
2021-12-03,5.6537
2021-12-06,5.6897
2021-12-07,5.6133
2021-12-08,5.5331
2021-12-09,5.5729
2021-12-10,5.6135
2021-12-13,5.6807
2021-12-14,5.6821
2021-12-15,5.6811
2021-12-16,5.6887
2021-12-17,5.6961
2021-12-20,5.7425
2021-12-21,5.7456
2021-12-22,5.6544
2021-12-23,5.6755
2021-12-24,5.6749
2021-12-27,5.6255
2021-12-28,5.6288
2021-12-29,5.7038
2021-12-30,5.5715
2021-12-31,5.5714
2022-01-03,5.6825
2022-01-04,5.6774
2022-01-05,5.7091
2022-01-06,5.6839
2022-01-07,5.6363
2022-01-10,5.6638
2022-01-11,5.5691
2022-01-12,5.5345
2022-01-13,5.5292
2022-01-14,5.5349
2022-01-17,5.5169
2022-01-18,5.5671
2022-01-19,5.4388
2022-01-20,5.4196
2022-01-21,5.4586
2022-01-24,5.4882
2022-01-25,5.4442
2022-01-26,5.4329
2022-01-27,5.4033
2022-01-28,5.3677
2022-01-31,5.3046
2022-02-01,5.266
2022-02-02,5.2625
2022-02-03,5.2844
2022-02-04,5.3284
2022-02-07,5.2641
2022-02-08,5.2598
2022-02-09,5.2359
2022-02-10,5.2501
2022-02-11,5.2532
2022-02-14,5.2154
2022-02-15,5.1595
2022-02-16,5.137
2022-02-17,5.1723
2022-02-18,5.1393
2022-02-21,5.1039
2022-02-22,5.0587
2022-02-23,5.0102
2022-02-24,5.1235
2022-02-25,5.163
2022-03-02,5.1
2022-03-03,5.0325
2022-03-04,5.0621
2022-03-07,5.1119
2022-03-08,5.0604
2022-03-09,5.0128
2022-03-10,5.0115
2022-03-11,5.0749
2022-03-14,5.1201
2022-03-15,5.1635
2022-03-16,5.0769
2022-03-17,5.039
2022-03-18,5.0243
2022-03-21,4.9353
2022-03-22,4.9097
2022-03-23,4.8274
2022-03-24,4.8269
2022-03-25,4.742
2022-03-28,4.7636
2022-03-29,4.7579
2022-03-30,4.7709
2022-03-31,4.7409
2022-04-01,4.659
2022-04-04,4.5928
2022-04-05,4.651
2022-04-06,4.7169
2022-04-07,4.7529
2022-04-08,4.6994
2022-04-11,4.6946
2022-04-12,4.6752
2022-04-13,4.6917
2022-04-14,4.7018
2022-04-15,4.7024
2022-04-18,4.6533
2022-04-19,4.6677
2022-04-20,4.6224
2022-04-21,4.6225
2022-04-22,4.7956
2022-04-25,4.8783
2022-04-26,5.0004
2022-04-27,4.9684
2022-04-28,4.9416
2022-04-29,4.9733
2022-05-02,5.085
2022-05-03,4.9606
2022-05-04,4.9207
2022-05-05,5.0269
2022-05-06,5.0816
2022-05-09,5.1609
2022-05-10,5.1336
2022-05-11,5.1381
2022-05-12,5.1339
2022-05-13,5.0609
2022-05-16,5.0611
2022-05-17,4.9393
2022-05-18,4.9706
2022-05-19,4.9313
2022-05-20,4.8801
2022-05-23,4.8144
2022-05-24,4.8201
2022-05-25,4.8267
2022-05-26,4.7686
2022-05-27,4.7316
2022-05-30,4.7541
2022-05-31,4.7329
2022-06-01,4.8162
2022-06-02,4.7973
2022-06-03,4.7742
2022-06-06,4.7952
2022-06-07,4.8706
2022-06-08,4.8996
2022-06-09,4.9076
2022-06-10,4.9877
2022-06-13,5.1159
2022-06-14,5.1175
2022-06-15,5.0569
2022-06-16,5.0538
2022-06-17,5.1539
2022-06-20,5.1904
2022-06-21,5.1275
2022-06-22,5.1953
2022-06-23,5.2418
2022-06-24,5.2425
2022-06-27,5.2384
2022-06-28,5.2704
2022-06-29,5.1817
2022-06-30,5.2571
2022-07-01,5.333
2022-07-04,5.3297
2022-07-05,5.3875
2022-07-06,5.4304
2022-07-07,5.3417
2022-07-08,5.256
2022-07-11,5.3788
2022-07-12,5.4395
2022-07-13,5.3925
2022-07-14,5.4246
2022-07-15,5.4084
2022-07-18,5.4364
2022-07-19,5.4142
2022-07-20,5.4715
2022-07-21,5.4988
2022-07-22,5.498
2022-07-25,5.3572
2022-07-26,5.3495
2022-07-27,5.2437
2022-07-28,5.1843
2022-07-29,5.173
2022-08-01,5.1864
2022-08-02,5.2792
2022-08-03,5.2843
2022-08-04,5.215
2022-08-05,5.1649
2022-08-08,5.1125
2022-08-09,5.1252
2022-08-10,5.0913
2022-08-11,5.1555
2022-08-12,5.0741
2022-08-15,5.0978
2022-08-16,5.1468
2022-08-17,5.1666
2022-08-18,5.1686
2022-08-19,5.1695
2022-08-22,5.1592
2022-08-23,5.105
2022-08-24,5.1106
2022-08-25,5.1095
2022-08-26,5.0633
2022-08-29,5.0285
2022-08-30,5.1229
2022-08-31,5.1833
2022-09-01,5.2434
2022-09-02,5.1697
2022-09-05,5.1534
2022-09-06,5.2529
2022-09-07,5.251
2022-09-08,5.2149
2022-09-09,5.1478
2022-09-12,5.0954
2022-09-13,5.1923
2022-09-14,5.1643
2022-09-15,5.2475
2022-09-16,5.2535
2022-09-19,5.1693
2022-09-20,5.1432
2022-09-21,5.1728
2022-09-22,5.1153
2022-09-23,5.2624
2022-09-26,5.3914
2022-09-27,5.3815
2022-09-28,5.3757
2022-09-29,5.4006
2022-09-30,5.4129
2022-10-03,5.1717
2022-10-04,5.1771
2022-10-05,5.1961
2022-10-06,5.2219
2022-10-07,5.2048
2022-10-10,5.1903
2022-10-11,5.3025
2022-10-12,5.302
2022-10-13,5.2631
2022-10-14,5.3229
2022-10-17,5.28
2022-10-18,5.2398
2022-10-19,5.2717
2022-10-20,5.2149
2022-10-21,5.1638
2022-10-24,5.3029
2022-10-25,5.3159
2022-10-26,5.3819
2022-10-27,5.3459
2022-10-28,5.2985
2022-10-31,5.1795
2022-11-01,5.1441
2022-11-03,5.1161
2022-11-04,5.061
2022-11-07,5.1572
2022-11-08,5.1443
2022-11-09,5.1869
2022-11-10,5.3454
2022-11-11,5.3249
2022-11-14,5.3267
2022-11-16,5.4003
2022-11-17,5.4235
2022-11-18,5.3832
2022-11-21,5.3202
2022-11-22,5.359
2022-11-23,5.3596
2022-11-24,5.3213
2022-11-25,5.4101
2022-11-28,5.3659
2022-11-29,5.27
2022-11-30,5.1856
2022-12-01,5.1853
2022-12-02,5.2194
2022-12-05,5.2811
2022-12-06,5.2356
2022-12-07,5.2053
2022-12-08,5.2258
2022-12-09,5.2406
2022-12-12,5.3231
2022-12-13,5.2942
2022-12-14,5.2792
2022-12-15,5.3133
2022-12-16,5.3145
2022-12-19,5.2935
2022-12-20,5.2003
2022-12-21,5.2013
2022-12-22,5.167
2022-12-23,5.1655
2022-12-26,5.219
2022-12-27,5.2934
2022-12-28,5.2681
2022-12-29,5.2865
2022-12-30,5.2848
2023-01-02,5.3637
2023-01-03,5.48
2023-01-04,5.4313
2023-01-05,5.3514
2023-01-06,5.2255
2023-01-09,5.2551
2023-01-10,5.2
2023-01-11,5.1603
2023-01-12,5.1087
2023-01-13,5.0963
2023-01-16,5.1477
2023-01-17,5.1008
2023-01-18,5.1868
2023-01-19,5.1745
2023-01-20,5.2079
2023-01-23,5.2081
2023-01-24,5.1397
2023-01-25,5.0737
2023-01-26,5.0663
2023-01-27,5.1094
2023-01-30,5.1167
2023-01-31,5.0735
2023-02-01,5.0552
2023-02-02,5.0509
2023-02-03,5.1525
2023-02-06,5.1469
2023-02-07,5.2108
2023-02-08,5.2012
2023-02-09,5.2916
2023-02-10,5.2165
2023-02-13,5.1601
2023-02-14,5.1928
2023-02-15,5.2195
2023-02-16,5.2181
2023-02-17,5.1679
2023-02-22,5.1527
2023-02-23,5.1378
2023-02-24,5.2105
2023-02-27,5.2014
2023-02-28,5.237
2023-03-01,5.1797
2023-03-02,5.2011
2023-03-03,5.1957
2023-03-06,5.1539
2023-03-07,5.1914
2023-03-08,5.1456
2023-03-09,5.1651
2023-03-10,5.217
2023-03-13,5.2463
2023-03-14,5.2541
2023-03-15,5.2877
2023-03-16,5.2315
2023-03-17,5.2802
2023-03-20,5.2369
2023-03-21,5.2434
2023-03-22,5.2391
2023-03-23,5.2981
2023-03-24,5.2463
2023-03-27,5.1979
2023-03-28,5.167
2023-03-29,5.1353
2023-03-30,5.0938
2023-03-31,5.064
2023-04-03,5.0644
2023-04-04,5.0724
2023-04-05,5.0339
2023-04-06,5.0574
2023-04-07,5.059
2023-04-10,5.0668
2023-04-11,5.006
2023-04-12,4.9183
2023-04-13,4.9275
2023-04-14,4.908
2023-04-17,4.944
2023-04-18,4.9855
2023-04-19,5.0741
2023-04-20,5.0506
2023-04-21,5.049
2023-04-24,5.0363
2023-04-25,5.0526
2023-04-26,5.0449
2023-04-27,4.9767
2023-04-28,4.987
2023-05-02,5.0377
2023-05-03,4.9962
2023-05-04,4.9835
2023-05-05,4.951
2023-05-08,5.0105
2023-05-09,4.9853
2023-05-10,4.9441
2023-05-11,4.9327
2023-05-12,4.9218
2023-05-15,4.8912
2023-05-16,4.9416
2023-05-17,4.9379
2023-05-18,4.9656
2023-05-19,5.0005
2023-05-22,4.9662
2023-05-23,4.9718
2023-05-24,4.9618
2023-05-25,5.0373
2023-05-26,4.9937
2023-05-29,5.0175
2023-05-30,5.0362
2023-05-31,5.0548
2023-06-01,5.0132
2023-06-02,4.9586
2023-06-05,4.9315
2023-06-06,4.9121
2023-06-07,4.9258
2023-06-08,4.9268
2023-06-09,4.8813
2023-06-12,4.8646
2023-06-13,4.8633
2023-06-14,4.8147
2023-06-15,4.8118
2023-06-16,4.8221
2023-06-19,4.7786
2023-06-20,4.7897
2023-06-21,4.7641
2023-06-22,4.7704
2023-06-23,4.7871
2023-06-26,4.7687
2023-06-27,4.8128
2023-06-28,4.851
2023-06-29,4.8565
2023-06-30,4.7866
2023-07-03,4.8081
2023-07-04,4.8402
2023-07-05,4.8497
2023-07-06,4.9195
2023-07-07,4.8726
2023-07-10,4.8992
2023-07-11,4.8552
2023-07-12,4.8207
2023-07-13,4.7992
2023-07-14,4.7917
2023-07-17,4.8083
2023-07-18,4.8122
2023-07-19,4.7907
2023-07-20,4.7975
2023-07-21,4.7807
2023-07-24,4.7277
2023-07-25,4.7511
2023-07-26,4.7377
2023-07-27,4.7431
2023-07-28,4.7314
2023-07-31,4.7261
2023-08-01,4.7929
2023-08-02,4.8109
2023-08-03,4.917
2023-08-04,4.8734
2023-08-07,4.9008
2023-08-08,4.8988
2023-08-09,4.9046
2023-08-10,4.8936
2023-08-11,4.9081
2023-08-14,4.9632
2023-08-15,4.9848
2023-08-16,4.99
2023-08-17,4.978
2023-08-18,4.9707
2023-08-21,4.9798
2023-08-22,4.9377
2023-08-23,4.8566
2023-08-24,4.8832
2023-08-25,4.874
2023-08-28,4.8742
2023-08-29,4.8542
2023-08-30,4.8895
2023-08-31,4.9558
2023-09-01,4.948
2023-09-04,4.938
2023-09-05,4.9708
2023-09-06,4.9786
2023-09-07,4.9784
2023-09-08,4.9866
2023-09-11,4.9311
2023-09-12,4.9486
2023-09-13,4.9159
2023-09-14,4.8694
2023-09-15,4.8652
2023-09-18,4.8562
2023-09-19,4.868
2023-09-20,4.8811
2023-09-21,4.9365
2023-09-22,4.936
2023-09-25,4.9669
2023-09-26,4.9909
2023-09-27,5.0448
2023-09-28,5.0342
2023-09-29,5.0326
2023-10-02,5.0619
2023-10-03,5.1678
2023-10-04,5.157
2023-10-05,5.1666
2023-10-06,5.15
2023-10-09,5.1362
2023-10-10,5.0524
2023-10-11,5.0507
2023-10-12,5.0502
2023-10-13,5.0794
2023-10-16,5.0396
2023-10-17,5.0402
2023-10-18,5.0577
2023-10-19,5.0623
2023-10-20,5.0345
2023-10-23,5.0128
2023-10-24,4.9924
2023-10-25,4.9961
2023-10-26,4.9879
2023-10-27,5.0158
2023-10-30,5.0443
2023-10-31,5.0378
2023-11-01,4.9574
2023-11-02,4.9566
2023-11-03,4.9011
2023-11-06,4.8854
2023-11-07,4.8732
2023-11-08,4.9107
2023-11-09,4.9349
2023-11-10,4.9056
2023-11-13,4.9077
2023-11-14,4.8651
2023-11-16,4.8637
2023-11-17,4.9062
2023-11-20,4.8541
2023-11-21,4.901
2023-11-22,4.9072
2023-11-23,4.9042
2023-11-24,4.9031
2023-11-27,4.897
2023-11-28,4.8716
2023-11-29,4.904
2023-11-30,4.9229
2023-12-01,4.8805
2023-12-04,4.9439
2023-12-05,4.931
2023-12-06,4.9028
2023-12-07,4.9122
2023-12-08,4.932
2023-12-11,4.9386
2023-12-12,4.9634
2023-12-13,4.9198
2023-12-14,4.916
2023-12-15,4.9379
2023-12-18,4.8971
2023-12-19,4.8681
2023-12-20,4.917
2023-12-21,4.8838
2023-12-22,4.859
2023-12-26,4.8147
2023-12-27,4.8274
2023-12-28,4.8519
2023-12-29,4.8522
2024-01-02,4.9238
2024-01-03,4.9206
2024-01-04,4.8973
2024-01-05,4.875
2024-01-08,4.8705
2024-01-09,4.9044
2024-01-10,4.8916
2024-01-11,4.8706
2024-01-12,4.8543
2024-01-15,4.8636
2024-01-16,4.9264
2024-01-17,4.9356
2024-01-18,4.9275
2024-01-19,4.9315
2024-01-22,4.9897
2024-01-23,4.9537
2024-01-24,4.934
2024-01-25,4.9176
2024-01-26,4.9167
2024-01-29,4.9517
2024-01-30,4.9523
2024-01-31,4.9533
2024-02-01,4.9165
2024-02-02,4.9697
2024-02-05,4.9858
2024-02-06,4.9636
2024-02-07,4.9692
2024-02-08,4.9929
2024-02-09,4.9523
2024-02-14,4.9696
2024-02-15,4.9741
2024-02-16,4.967
2024-02-19,4.9573
2024-02-20,4.9279
2024-02-21,4.9361
2024-02-22,4.961
2024-02-23,4.9956
2024-02-26,4.9807
2024-02-27,4.9341
2024-02-28,4.9684
2024-02-29,4.9724
2024-03-01,4.9548
2024-03-04,4.9464
2024-03-05,4.9585
2024-03-06,4.9453
2024-03-07,4.9354
2024-03-08,4.9808
2024-03-11,4.9781
2024-03-12,4.9725
2024-03-13,4.9717
2024-03-14,4.9897
2024-03-15,4.9959
2024-03-18,5.0255
2024-03-19,5.0305
2024-03-20,4.9689
2024-03-21,4.9793
2024-03-22,5.0002
2024-03-25,4.9753
2024-03-26,4.9816
2024-03-27,4.9853
2024-03-28,5.0147
2024-03-29,5.0153
2024-04-01,5.0549
2024-04-02,5.0583
2024-04-03,5.039
2024-04-04,5.055
2024-04-05,5.0663
2024-04-08,5.0291
2024-04-09,5.0096
2024-04-10,5.0743
2024-04-11,5.0919
2024-04-12,5.1183
2024-04-15,5.1851
2024-04-16,5.2825
2024-04-17,5.2426
2024-04-18,5.2484
2024-04-19,5.2024
2024-04-22,5.1678
2024-04-23,5.1262
2024-04-24,5.1476
2024-04-25,5.1593
2024-04-26,5.1161
2024-04-29,5.1195
2024-04-30,5.194
2024-05-01,5.1951
2024-05-02,5.112
2024-05-03,5.0724
2024-05-06,5.0765
2024-05-07,5.0714
2024-05-08,5.0914
2024-05-09,5.1417
2024-05-10,5.1578
2024-05-13,5.1516
2024-05-14,5.1299
2024-05-15,5.1367
2024-05-16,5.1296
2024-05-17,5.1047
2024-05-20,5.1041
2024-05-21,5.1236
2024-05-22,5.151
2024-05-23,5.1446
2024-05-24,5.1658
2024-05-27,5.1713
2024-05-28,5.1614
2024-05-29,5.2042
2024-05-31,5.2454
2024-06-03,5.2447
2024-06-04,5.2873
2024-06-05,5.2986
2024-06-06,5.2559
2024-06-07,5.345
2024-06-10,5.3545
2024-06-11,5.3653
2024-06-12,5.4142
2024-06-13,5.3639
2024-06-14,5.3769
2024-06-17,5.4211
2024-06-18,5.4357
2024-06-19,5.4354
2024-06-20,5.4497
2024-06-21,5.4314
2024-06-24,5.3912
2024-06-25,5.451
2024-06-26,5.5211
2024-06-27,5.5022
2024-06-28,5.5945
2024-07-01,5.6597
2024-07-02,5.6781
2024-07-03,5.5558
2024-07-04,5.4877
2024-07-05,5.4605
2024-07-08,5.4705
2024-07-09,5.4212
2024-07-10,5.4156
2024-07-11,5.4395
2024-07-12,5.4296
2024-07-15,5.4451
2024-07-16,5.4292
2024-07-17,5.4823
2024-07-18,5.5512
2024-07-19,5.5978
2024-07-22,5.5767
2024-07-23,5.5863
2024-07-24,5.6544
2024-07-25,5.6448
2024-07-26,5.6567
2024-07-29,5.6159
2024-07-30,5.6135
2024-07-31,5.6516
2024-08-01,5.7482
2024-08-02,5.7272
2024-08-05,5.7229
2024-08-06,5.6622
2024-08-07,5.634
2024-08-08,5.5499
2024-08-09,5.506
2024-08-12,5.4981
2024-08-13,5.4546
2024-08-14,5.4728
2024-08-15,5.4835
2024-08-16,5.4744
2024-08-19,5.4126
2024-08-20,5.4775
2024-08-21,5.4876
2024-08-22,5.5863
2024-08-23,5.4884
2024-08-26,5.4964
2024-08-27,5.5098
2024-08-28,5.5659
2024-08-29,5.6284
2024-08-30,5.6107
2024-09-02,5.6178
2024-09-03,5.6456
2024-09-04,5.6417
2024-09-05,5.5736
2024-09-06,5.5993
2024-09-09,5.5851
2024-09-10,5.6608
2024-09-11,5.6616
2024-09-12,5.6276
2024-09-13,5.5659
2024-09-16,5.511
2024-09-17,5.4839
2024-09-18,5.4605
2024-09-19,5.4252
2024-09-20,5.5117
2024-09-23,5.5374
2024-09-24,5.4551
2024-09-25,5.478
2024-09-26,5.4383
2024-09-27,5.4342
2024-09-30,5.4493
2024-10-01,5.4615
2024-10-02,5.442
2024-10-03,5.4773
2024-10-04,5.4571
2024-10-07,5.4898
2024-10-08,5.5346
2024-10-09,5.5937
2024-10-10,5.5835
2024-10-11,5.6115
2024-10-14,5.5939
2024-10-15,5.6515
2024-10-16,5.665
2024-10-17,5.6552
2024-10-18,5.6929
2024-10-21,5.6947
2024-10-22,5.6901
2024-10-23,5.6888
2024-10-24,5.6646
2024-10-25,5.7077
2024-10-28,5.7088
2024-10-29,5.7606
2024-10-30,5.7634
2024-10-31,5.788
2024-11-01,5.8695
2024-11-04,5.7921
2024-11-05,5.7513
2024-11-06,5.7135
2024-11-07,5.6951
2024-11-08,5.7467
2024-11-11,5.7647
2024-11-12,5.748
2024-11-13,5.8075
2024-11-14,5.7994
2024-11-18,5.7461
2024-11-19,5.7718
2024-11-21,5.8162
2024-11-22,5.8118
2024-11-25,5.7985
2024-11-26,5.8062
2024-11-27,5.9607
2024-11-28,6.0216
2024-11-29,5.9702
2024-12-02,6.0699
2024-12-03,6.0431
2024-12-04,6.0443
2024-12-05,6.0061
2024-12-06,6.0895
2024-12-09,6.0794
2024-12-10,6.0455
2024-12-11,5.9551
2024-12-12,5.9988
2024-12-13,6.0496
2024-12-16,6.1482
2024-12-17,6.1099
2024-12-18,6.2919
2024-12-19,6.1538
2024-12-20,6.0504
2024-12-23,6.1909
2024-12-24,6.1925
2024-12-26,6.1814
2024-12-27,6.1969
2024-12-30,6.1847
2024-12-31,6.1709
2025-01-02,6.1548
2025-01-03,6.1852
2025-01-06,6.1163
2025-01-07,6.1018
2025-01-08,6.1102
2025-01-09,6.0348
2025-01-10,6.1062
2025-01-13,6.095
2025-01-14,6.0517
2025-01-15,6.0128
2025-01-16,6.0532
2025-01-17,6.0798
2025-01-20,6.0215
2025-01-21,6.0242
2025-01-22,5.9413
2025-01-23,5.9262
2025-01-24,5.9106
2025-01-27,5.9067
2025-01-28,5.8669
2025-01-29,5.8656
2025-01-30,5.8745
2025-01-31,5.8451
2025-02-03,5.8073
2025-02-04,5.7617
2025-02-05,5.8055
2025-02-06,5.7623
2025-02-07,5.8094
2025-02-10,5.7878
2025-02-11,5.7615
2025-02-12,5.7586
2025-02-13,5.7625
2025-02-14,5.6982
2025-02-17,5.7132
2025-02-18,5.6871
2025-02-19,5.7217
2025-02-20,5.7027
2025-02-21,5.732
2025-02-24,5.7787
2025-02-25,5.7399
2025-02-26,5.8108
2025-02-27,5.8319
2025-02-28,5.8777
2025-03-05,5.74
2025-03-06,5.7627
2025-03-07,5.7895
2025-03-10,5.8553
2025-03-11,5.8108
2025-03-12,5.8006
2025-03-13,5.7997
2025-03-14,5.7403
2025-03-17,5.6836
2025-03-18,5.6705
2025-03-19,5.6488
2025-03-20,5.6803
2025-03-21,5.7294
2025-03-24,5.7645
2025-03-25,5.7008
2025-03-26,5.7359
2025-03-27,5.7461
2025-03-28,5.7608
2025-03-31,5.7053
2025-04-01,5.682
2025-04-02,5.6627
2025-04-03,5.6291
2025-04-04,5.842
2025-04-07,5.9143
2025-04-08,6.0121
2025-04-09,5.8233
2025-04-10,5.8865
2025-04-11,5.868
2025-04-14,5.856
2025-04-15,5.899
2025-04-16,5.8672
2025-04-17,5.8066
2025-04-18,5.8066
2025-04-22,5.7253
2025-04-23,5.7094
2025-04-24,5.6827
2025-04-25,5.6841
2025-04-28,5.6544
2025-04-29,5.6206
2025-04-30,5.6747
2025-05-01,5.6748
2025-05-02,5.6575
2025-05-05,5.6876
2025-05-06,5.7138
2025-05-07,5.7455
2025-05-08,5.6622
2025-05-09,5.6548
2025-05-12,5.6753
2025-05-13,5.6086
2025-05-14,5.6384
2025-05-15,5.6824
2025-05-16,5.6634
2025-05-19,5.6522
2025-05-20,5.6686
2025-05-21,5.6462
2025-05-22,5.7161
2025-05-23,5.6465
2025-05-26,5.6694
2025-05-27,5.6421
2025-05-28,5.6894
2025-05-29,5.6667
2025-05-30,5.7232
2025-06-02,5.6736
2025-06-03,5.6396
2025-06-04,5.6369
2025-06-05,5.5887
2025-06-06,5.5597
2025-06-09,5.5588
2025-06-10,5.5745
2025-06-11,5.5365
2025-06-12,5.5374
2025-06-13,5.5439
2025-06-16,5.4919
2025-06-17,5.4994
2025-06-18,5.4935
2025-06-19,5.4922
2025-06-20,5.5127
2025-06-23,5.496
2025-06-24,5.5116
2025-06-25,5.5638
2025-06-26,5.488
2025-06-27,5.4851
2025-06-30,5.4326
2025-07-01,5.4591
2025-07-02,5.4244
2025-07-03,5.4089
2025-07-04,5.4211
2025-07-07,5.4883
2025-07-08,5.4476
2025-07-09,5.5768
2025-07-10,5.532
2025-07-11,5.5588
2025-07-14,5.5892
2025-07-15,5.5588
2025-07-16,5.5688
2025-07-17,5.5479
2025-07-18,5.5786
2025-07-21,5.5671
2025-07-22,5.5652
2025-07-23,5.5212
2025-07-24,5.5214
2025-07-25,5.5635
2025-07-28,5.5889
2025-07-29,5.5743
2025-07-30,5.5696
2025-07-31,5.6021
2025-08-01,5.5425
2025-08-04,5.4982
2025-08-05,5.5079
2025-08-06,5.4646
2025-08-07,5.4233
2025-08-08,5.4337
2025-08-11,5.4425
2025-08-12,5.3893
2025-08-13,5.3993
2025-08-14,5.4161
2025-08-15,5.4009
2025-08-18,5.4368
2025-08-19,5.5038
2025-08-20,5.4826
2025-08-21,5.4755
2025-08-22,5.4264
2025-08-25,5.412
2025-08-26,5.4311
2025-08-27,5.418
2025-08-28,5.4131
2025-08-29,5.4309
2025-09-01,5.44
2025-09-02,5.4651
2025-09-03,5.4517
2025-09-04,5.4459
2025-09-05,5.4135
2025-09-08,5.4195
2025-09-09,5.4394
2025-09-10,5.408
2025-09-11,5.3901
2025-09-12,5.3548
2025-09-15,5.3169
2025-09-16,5.2971
2025-09-17,5.3056
2025-09-18,5.3132
2025-09-19,5.3235
2025-09-22,5.3355
2025-09-23,5.2827
2025-09-24,5.3328
2025-09-25,5.3639
2025-09-26,5.3439
2025-09-29,5.3221
2025-09-30,5.323
2025-10-01,5.3292
2025-10-02,5.3385
2025-10-03,5.3377
2025-10-06,5.3125
2025-10-07,5.3509
2025-10-08,5.3433
2025-10-09,5.369
2025-10-10,5.5213
2025-10-13,5.4658
2025-10-14,5.4825
2025-10-15,5.4549
2025-10-16,5.4457
2025-10-17,5.4089
2025-10-20,5.3744
2025-10-21,5.3882
2025-10-22,5.4004
2025-10-23,5.3826
2025-10-24,5.3898
2025-10-27,5.3734
2025-10-28,5.3585
2025-10-29,5.3604
2025-10-30,5.3813
2025-10-31,5.3752
2025-11-03,5.3599
2025-11-04,5.4027
2025-11-05,5.3584
2025-11-06,5.3497
2025-11-07,5.3312
2025-11-10,5.2909
2025-11-11,5.2732
2025-11-12,5.2947
2025-11-13,5.2991
2025-11-14,5.2974
2025-11-17,5.328
2025-11-18,5.3238
2025-11-19,5.3333
2025-11-21,5.4032
2025-11-24,5.3898
2025-11-25,5.3859
2025-11-26,5.3337
2025-11-27,5.354
2025-11-28,5.3351
2025-12-01,5.3559
2025-12-02,5.3279
2025-12-03,5.3109
2025-12-04,5.312
2025-12-05,5.4506
2025-12-08,5.4323
2025-12-09,5.4399
2025-12-10,5.4718
2025-12-11,5.4058
2025-12-12,5.4181
2025-12-15,5.4191
2025-12-16,5.4675
2025-12-17,5.5145
2025-12-18,5.5223
2025-12-19,5.5434
2025-12-22,5.5915
2025-12-23,5.5285
2025-12-24,5.5402
2025-12-26,5.5435
2025-12-29,5.5728
2025-12-30,5.4749
2026-01-02,5.4247
2026-01-05,5.4078
2026-01-06,5.3756
2026-01-07,5.3887
2026-01-08,5.3861
2026-01-09,5.366
2026-01-12,5.3747
2026-01-13,5.3737
2026-01-14,5.3928
2026-01-15,5.3707
2026-01-16,5.3713
2026-01-19,5.3657
2026-01-20,5.3759
2026-01-21,5.3166
2026-01-22,5.2879
2026-01-23,5.2857
2026-01-26,5.2831
2026-01-27,5.1852
2026-01-28,5.1974
2026-01-29,5.1897
2026-01-30,5.2634
2026-02-02,5.2567
2026-02-03,5.2385
2026-02-04,5.246
2026-02-05,5.2716
2026-02-06,5.2191
2026-02-09,5.1924
2026-02-10,5.1972
2026-02-11,5.1843
2026-02-12,5.2125
2026-02-13,5.2229
2026-02-18,5.2361
2026-02-19,5.215
2026-02-20,5.1754
2026-02-23,5.1654
2026-02-24,5.1531
2026-02-25,5.1249
2026-02-26,5.1379
2026-02-27,5.1252
2026-03-02,5.175
2026-03-03,5.2723
2026-03-04,5.2312
2026-03-05,5.2639
2026-03-06,5.2382
2026-03-09,5.1575
2026-03-10,5.159
2026-03-11,5.1567
2026-03-12,5.2459
2026-03-13,5.3237
2026-03-16,5.2309
2026-03-17,5.1934
2026-03-18,5.2678
2026-03-19,5.221
2026-03-20,5.3159
2026-03-23,5.2351
2026-03-24,5.2323
2026-03-25,5.2274
2026-03-26,5.2386
2026-03-27,5.2388
2026-03-30,5.2543
2026-03-31,5.1805
2026-04-01,5.1549
2026-04-02,5.1574
2026-04-06,5.1446
2026-04-07,5.1542
2026-04-08,5.0997
2026-04-09,5.0575
2026-04-10,5.0054
2026-04-13,4.9968
2026-04-14,4.9884
2026-04-15,4.9939
2026-04-16,4.9931
2026-04-17,4.9781
2026-04-20,4.9655
2026-04-22,4.963
2026-04-23,5.0182
2026-04-24,4.9813
2026-04-27,4.9834
2026-04-28,4.974
2026-04-29,4.9967
2026-04-30,4.9554
2026-05-04,4.9642
2026-05-05,4.9109
2026-05-06,4.9239
2026-05-07,4.9241
2026-05-08,4.8889
2026-05-11,4.8912
2026-05-12,4.8927
2026-05-13,5.0119
2026-05-14,4.9818
2026-05-15,5.0556
2026-05-18,4.9907
2026-05-19,5.0482
2026-05-20,5
2026-05-21,5.0046
2026-05-22,5.0367
2026-05-25,5.0174
2026-05-26,5.0336
2026-05-27,5.059
2026-05-28,5.0402
2026-05-29,5.0358
2026-06-01,5.0268
2026-06-02,5.0051
2026-06-03,5.0645
2026-06-05,5.1685
2026-06-08,5.1932
2026-06-09,5.1729
2026-06-10,5.186
2026-06-11,5.0951
2026-06-12,5.0589
2026-06-15,5.0611
2026-06-16,5.0891
2026-06-17,5.1115
2026-06-18,5.1653
2026-06-19,5.1509
2026-06-22,5.1418
2026-06-23,5.1809
2026-06-24,5.1951
2026-06-25,5.1774
2026-06-26,5.1719
2026-06-29,5.1743
2026-06-30,5.1616
2026-07-01,5.206
